fichier;source;artiste_fichier;titre_fichier;resultat;score;artiste_discogs;titre_discogs;genre;style;annee;label;release_id
2016-03-31\Alle-Farben_-_Tempelhof-Joachim-Pastor-Remix.mp3;tags;Alle Farben;Tempelhof (Joachim Pastor Remix);MATCH;100.0;Alle Farben;Tempelhof (Joachim Pastor Remix);Electronic;Tech House;2013;Kallias;4617630
2016-03-31\Betoko_-_Supersonic-Tube--Berger-Remix.mp3;tags;Betoko;Supersonic (Tube & Berger Remix);MATCH;100.0;Betoko;Supersonic (Tube & Berger Remix);Electronic;Tech House;2013;OFF Recordings;5105633
2016-03-31\DUSTY-KID_-_linchesque--boxer-recordings.mp3;tags;Dusty Kid;Linchesque;MATCH;94.0;Dusty Kid;Lynchesque;Electronic;Techno/Minimal;2009;Boxer Recordings;1669211
2016-03-31\Dole--Kom-Kollmorgen_-_Silence-feat-Kollmorgen-MollonoBass-Remix.mp3;tags;Dole & Kom, Kollmorgen;Silence (feat. Kollmorgen) (Mollono.Bass Remix);MATCH;100.0;Dole & Kom;Silence (Mollono.Bass Remix);Electronic;Tech House/Deep House;2015;3000°;7437492
2016-03-31\Dualitik_-_Battle-Of-Sense-Worakls-Remix.mp3;tags;Dualitik;Battle Of Sense (Worakls Remix);NON;0.0;;;;;;;
2016-03-31\HVOB_-_Window-Gui-Boratto-Remix.mp3;tags;HVOB;Window (Gui Boratto Remix);MATCH;100.0;HVOB;Window (Gui Boratto Remix);Electronic;Deep House;2014;Stil Vor Talent;6365179
2016-03-31\Joachim-Pastor_-_Oulan-Bator-Original-Mix.mp3;tags;Joachim Pastor;Oulan Bator (Original Mix);MATCH;100.0;Joachim Pastor;Oulan Bator;Electronic;Electro House;2015;Hungry Music;7501158
2016-03-31\Joris-Delacroix_-_Air-France-SYNAPSON-Remix.mp3;tags;Joris Delacroix;Air France (SYNAPSON Remix);MATCH;100.0;Joris Delacroix;Air France (Synapson Remix);Electronic;Electro/Techno/Progressive House;2013;Way Of House;7826005
2016-03-31\Kolombo-Kagomba_-_Kagomba-Andhim-Remix.mp3;tags;Kolombo, Kagomba;Kagomba (Andhim Remix);MATCH;100.0;Kolombo;Kagomba (Andhim Remix);Electronic;House;2010;Kittball Records;2318326
2016-03-31\Massive-Attack_-_Paradise-Circus-Gui-Boratto-Remix.mp3;tags;Massive Attack;Paradise Circus (Gui Boratto Remix);MATCH;100.0;Massive Attack;Paradise Circus (Gui Boratto Remix);Electronic;Trip Hop/Downtempo;2010;The Vinyl Factory;2126330
2016-03-31\Maurice-Aymard--Gui-Boratto_-_Home.mp3;tags;Maurice Aymard & Gui Boratto;Home;NON;0.0;;;;;;;
2016-03-31\Oliver-Koletzki-feat-Leslie-Clio_-_No-Man-No-Cry-Worakls-Remix.mp3;tags;Oliver Koletzki (feat Leslie Clio);No Man No Cry (Worakls Remix);MATCH;100.0;Oliver Koletzki;No Man No Cry (Worakls Remix);Electronic;House;2014;Stil Vor Talent;7594511
2016-03-31\Red-Hot-Chili-Peppers_-_Scar-Tissue-Nto-Remix.mp3;tags;Red Hot Chili Peppers;Scar Tissue (N'to Remix);NON;80.0;Red Hot Chili Peppers;Scar Tissue;;;;;
2016-03-31\Stephan-Bodzin_-_Wir-Edu-Imbernon-amp-Coyu-Remix.mp3;tags;Stephan Bodzin;Wir (Edu Imbernon & Coyu Remix);MATCH;100.0;Stephan Bodzin;Wir (Edu Imbernón & Coyu Remix);Electronic;Tech House/Techno/Deep House;2015;Herzblut Recordings;7740558
2016-03-31\The-XX_-_Crystalised-Joris-Delacroixs-Added-Stuff.mp3;tags;The XX;Crystalised-Joris-Delacroixs-Added-Stuff;NON;65.9;The xx;Crystalised;;;;;
2016-03-31\Wolfgang-Lohr-Miss-NatNat-amp-Artenvielfalt_-_Sunbelt-Regret-MollonoBass-Remix.mp3;tags;Wolfgang Lohr, Miss NatNat, Artenvielfalt;Sunbelt Regret (Mollono.Bass Remix);MATCH;100.0;Miss NatNat;Sunbelt Regret (Mollono.Bass Remix);Electronic;Tech House;2012;Acker Records;4107707
2016-03-31\Worakls_-_Adagio-For-Square-Club-Mix.mp3;tags;Worakls;Adagio For Square;MATCH;100.0;Worakls;Adagio For Square;Electronic;Tech House/Progressive House;2015;FFRR Records Ltd.;7503961
2016-03-31\Worakls_-_From-Now-On-Original-Mix.mp3;tags;Worakls;From Now On (Original Mix);MATCH;100.0;Worakls;From Now On;Electronic;Tech House;2015;Hungry Music;7637372
2016-03-31\Worakls_-_Salzburg-Original-Mix.mp3;tags;Worakls;Salzburg (Original Mix);MATCH;100.0;Worakls;Salzburg;Electronic;Tech House;2014;Hungry Music;7500892
2016-03-31\Worakls_-_Toi-Original-Mix.mp3;tags;Worakls;Toi (Original Mix);MATCH;100.0;Worakls;Toi;Electronic;Tech House;2015;Hungry Music;7500940
2016-05-04\Archive_-_Again-Maceo-Plex-Remix.mp3;tags;Archive;Again (Maceo Plex Remix);NON;77.5;Archive;Again (Simon Raymonde Remix);;;;;
2016-05-04\Bob-Moses_-_Far-From-The-Tree.mp3;tags;Bob Moses;Far From The Tree (Original Mix);MATCH;100.0;Bob Moses (5);Far From The Tree;Electronic;House/Deep House;2013;Scissor and Thread;5092726
2016-05-04\Confute_-_On-The-Hour-Original-Mix.mp3;tags;Confute;On The Hour (Original Mix);MATCH;100.0;Confute;On The Hour;Electronic;Techno;2014;Gem Records (6);6956311
2016-05-04\Der-Dritte-Raum_-_Hale-Bopp-Original-Mix-1998.mp3;tags;Der-Dritte-Raum;Hale-Bopp-Original-Mix-1998;NON;74.9;Der Dritte Raum;Hale Bopp (Meteoriten Version);;;;;
2016-05-04\Gardens-Of-God_-_Fiddler-Original-Mix.mp3;tags;Gardens Of God;Fiddler (Original Mix);MATCH;100.0;Gardens Of God;Fiddler;Electronic;Tech House;2014;Ellum Audio;6263490
2016-05-04\Maceo-Plex_-_Conjure-Floyd.mp3;tags;Maceo Plex;Conjure Floyd;MATCH;100.0;Maceo Plex;Conjure Floyd;Electronic;Techno;2014;Drumcode;6415291
2016-05-04\Max-Cooper_-_Woven-Ancestry-Lusine-Remix.mp3;tags;Max Cooper;Woven Ancestry (Lusine Remix);MATCH;100.0;Max Cooper;Woven Ancestry (Lusine Remix);Electronic;Techno/Tech House/Dubstep;2014;Fields;5904576
2016-05-04\Nicolas-Bougaeff_-_Pulse-Train.mp3;tags;Nicolas Bougaïeff;Pulse Train;MATCH;100.0;Nicolas Bougaïeff;Pulse Train;Electronic;Techno;2014;Trapez;6112940
2016-05-04\Obscure-Live_-_Decline-VSK-remix.mp3;tags;Obscure Live;Decline (VSK remix);MATCH;100.0;Obscure Live;Decline (VSK Remix);Electronic;Techno;2014;NuLabel Quality Records;9247059
2016-05-04\Royksopp_-_Sordid-Affair-Maceo-Plex-Remix.mp3;tags;Royksopp;Sordid-Affair-Maceo-Plex-Remix;MATCH;100.0;Röyksopp;Sordid Affair (Maceo Plex Remix);Electronic;Deep House;2014;Dog Triumph;15468490
2016-05-04\Shall-Ocin_-_Orbis-Original-Mix.mp3;tags;Shall-Ocin;Orbis (Original Mix);MATCH;100.0;Shall Ocin;Orbis;Electronic;Techno;2014;Ellum Audio;6187044
2016-05-04\Yello_-_Lost-Again-Club-Bizarre-Edit.mp3;tags;Yello;Lost-Again-Club-Bizarre-Edit;NON;71.6;Yello;Lost Again (Club Bizarre Edit);;;;;
2016-05-08\Aprs_-_Chicago.mp3;tags;Apres;Chicago;MATCH;100.0;Après;Chicago;Electronic;Deep House;2015;Subsoul;7938420
2016-05-08\Boddika--Joy-Orbison_-_Mercy-Boddikas-VIP.mp3;tags;Boddika & Joy Orbison;Mercy (Boddikas VIP);NON;0.0;;;;;;;
2016-05-08\Copy-Paste-Soul_-_Push-Original-Mix.mp3;tags;Copy Paste Soul;Push (Original Mix);NON;0.0;;;;;;;
2016-05-08\Justin-Jay_-_Static-Original-Mix.mp3;tags;Justin-Jay;Static-Original-Mix;MATCH;100.0;Justin Jay (2);Static;Electronic;Minimal Techno/Minimal/Tech House;2013;Dirtybird;4685714
2016-05-08\Moby_-_Go-Trentemoller-Remix.mp3;tags;Moby;Go (Trentemoller Remix);MATCH;100.0;Moby;Go (Trentemoller Remix);Electronic;House/Tech House;2006;Mute;789339
2016-05-11\Jhonsson---Way-Too-Long-Original-Mix-Deep-House.mp3;tags;Jhonsson;Way Too Long (Original Mix);MATCH;100.0;Jhōnsson;Way Too Long (Original Mix);Electronic;Deep House;2014;Love Not Money Records;6044266
2016-05-11\Kollektiv-Turmstrasse_-_Melodrama-Oliver-Huntemann-Remix.mp3;tags;Kollektiv Turmstrasse;Melodrama (Oliver Huntemann Remix);MATCH;100.0;Kollektiv Turmstrasse;Melodrama (Oliver Huntemann Remix);Electronic;Techno/Minimal;2009;Ostwind Records;1857905
2016-05-11\Weval_-_Half-Age.mp3;tags;Weval;Half Age (Original Mix);MATCH;100.0;Weval;Half Age;Electronic;Synth-pop/Ambient/Minimal;2013;Atomnation;5607972
2016-05-11\weval_-_detian-original-mix.mp3;tags;Weval;Detain (Original Mix);NON;0.0;;;;;;;
2016-05-14\6th-Borough-Project_-_Miss-World-OOFT-Remix.mp3;tags;6th Borough Project remixed by OOFT!;Miss World (OOFT! Remix);MATCH;100.0;6th Borough Project;Miss World (OOFT! Remix);Electronic;House/Disco;2009;Delusions Of Grandeur;1971434
2016-05-14\Doomwork_-_Tonga.mp3;tags;Doomwork;Tonga;MATCH;100.0;Doomwork;Tonga;Electronic;House/Tech House;2010;Monique Musique;2501385
2016-05-14\GIMBAL-amp-SINAN_-_Wonderland-Original-Mix-.mp3;tags;GIMBAL & SINAN;Wonderland;NON;0.0;;;;;;;
2016-05-14\Oliver-Koletzki_-_Iywaye-Original-Mix.mp3;tags;Oliver Koletzki;Iywaye-Original-Mix;NON;62.5;Oliver Koletzki;Get Wasted;;;;;
2016-05-14\Tube-and-Berger-Kean-Sanders_-_Slumdog-Superstar-Original-Mix.mp3;tags;Tube & Berger, Kean Sanders;Slumdog Superstar;MATCH;100.0;Tube & Berger;Slumdog Superstar;Electronic;Tech House;2010;Raveline;2692933
2016-05-30\Andy-Cato_-_Bassline-Track.mp3;tags;Andy Cato;"""Bassline Track""";MATCH;90.9;Andy Cato;That Bassline Track;Electronic;Tech House;2010;Get Digital Music;2428250
2016-05-30\Bakers-Dozen_-_Piano-Lessons-Full-Piano-Workout-Mix.mp3;tags;Bakers Dozen;Piano Lessons (Full Piano Workout Mix);NON;0.0;;;;;;;
2016-05-30\Eclectic_-_Envolve-Original-Mix.mp3;tags;Eclectic;Envolve (Original Mix);NON;0.0;;;;;;;
2016-05-30\German-Brigante_-_Hey-Whats-Up-Original-Mix.mp3;tags;German Brigante;Hey, What's Up? (Original Mix);MATCH;100.0;German Brigante;Hey, What's Up (Original Mix);Electronic;Tech House;2014;Series Music;5855504
2016-05-30\Gramatik_-_Muy-Tranquilo.mp3;tags;Gramatik;muy tranquilo original mix;MATCH;100.0;Gramatik;Muy Tranquilo;Electronic/Hip Hop/Funk / Soul;Instrumental/Downtempo/Funk;2010;Cold Busted;2574023
2016-05-30\Julian-Jeweil_-_Wax-Original-Mix.mp3;tags;Julian Jeweil;Wax (Original Mix);MATCH;100.0;Julian Jeweil;Wax;Electronic;Techno;2015;M_nus;7844450
2016-05-30\Maetrik_-_The-Reason-Original-Mix.mp3;tags;Maetrik;The Reason (Original Mix);MATCH;100.0;Maetrik;The Reason;Electronic;Techno;2012;Cocoon Recordings;3382236
2016-05-30\Marcellus-Wallace_-_Catch-The-Beat.mp3;tags;Marcellus Wallace;Catch The Beat;MATCH;100.0;Marcellus Wallace;Catch The Beat;Electronic;House;2016;Simma Red;8374318
2016-05-30\Marcellus-Wallace_-_Lost-Original-Mix.mp3;tags;Marcellus Wallace;Lost (Original Mix);MATCH;100.0;Marcellus Wallace;Lost;Electronic;House;2015;Simma Red;8194563
2016-05-30\Marcellus-Wallace_-_Medina.mp3;tags;Marcellus Wallace;Medina (Original Mix);NON;0.0;;;;;;;
2016-05-30\Misstress-Barbara_-_Barcelona-Original-Mix.mp3;tags;Misstress Barbara;Barcelona (Original Mix);MATCH;100.0;Misstress Barbara;Barcelona;Electronic;Tech House/Techno/Experimental/Minimal;2007;Border Community;908704
2016-05-30\Oliver-S_-_Doin-Ya-Thang-Original-Mix.mp3;tags;Oliver S;Doin Ya Thang (Original Mix);MATCH;94.3;Oliver $;Doin' Ya Thang (Original);Electronic;Deep House/Tech House;2011;Play It Down;2850347
2016-05-30\Stereo-MCs-feat-Terranova_-_Deeper-Original-Mix.mp3;tags;Stereo MC's feat. Terranova;Deeper (Original Mix);MATCH;100.0;Stereo MC's;Deeper;Electronic;Techno/Tech House;2015;Connected (5);7801747
2016-05-30\Telepopmusik_-_Breathe-Stereo-Express-Remix.mp3;tags;Telepopmusik;Breathe-Stereo-Express-Remix;MATCH;100.0;Télépopmusik;Breathe (Stereo Express Remix);Electronic;Deep House/Tech House/Electro;2015;Love Matters;7303206
2016-05-30\Telepopmusik_-_Breathe.mp3;tags;Telepopmusik;Breathe;MATCH;100.0;Télépopmusik;Breathe;Electronic/Hip Hop;Downtempo/Trip Hop/Hip Hop;2001;EMI Music France;27522
2016-06-14\Chiwoniso_-_Zvichapera.mp3;tags;Chiwoniso;Zvichapera;NON;0.0;;;;;;;
2016-06-14\Rosemary-ClooneyampPerez-Prado_-_Sway.mp3;tags;Rosemary Clooney & Perez Prado;Sway;NON;0.0;;;;;;;
2016-06-14\Todd-Terje_-_Alfonso-Muskedunder-Deetron-Remix.mp3;tags;Todd Terje;Alfonso-Muskedunder-Deetron-Remix;MATCH;100.0;Todd Terje;Alfonso Muskedunder (Deetron Remix);Electronic;Nu-Disco;2015;Olsen;6851999
2016-06-30\Marc-Romboy-Stephan-Bodzin-Atlas-Adriatique-Remix.mp3;tags;Marc Romboy, Stephan Bodzin;Atlas (Adriatique Remix);MATCH;97.8;Marc Romboy Vs. Stephan Bodzin;Atlas (Adriatique Remix);Electronic;Deep House/Nu-Disco/House;2016;Systematic (3);8669368
2016-09-01\Tigerskin_-_November_muzafon.pro.mp3;tags;Tigerskin;November;MATCH;100.0;Tigerskin;November;Electronic;House/Deep House;2011;Dirt Crew Recordings;3240188
2016-10-23\Adam Beyer_Parallels_Original_Mix.mp3;tags;Adam Beyer, Joseph Capriati;Parallels (Original Mix);NON;0.0;;;;;;;
2016-10-23\Addicted_Teenage_Mutants_Remix.mp3;tags;Cari Golden, niiche;Addicted (Teenage Mutants Remix);MATCH;100.0;Niiche;Addicted (Teenage Mutants Remix);Electronic;Tech House/Techno;2016;Incorrect Music;8636974
2016-10-23\Agoria_Bapteme_Original_Mix.mp3;tags;Agoria;Bapteme (Original Mix);MATCH;100.0;Agoria;Baptême;Electronic;Techno/House;2015;Kompakt;6896572
2016-10-23\Le Corbusier_DMT_Original_Mix.mp3;tags;Le Corbusier;DMT (Original Mix);NON;0.0;;;;;;;
2016-10-23\Le Corbusier_Dance_Original_Mix.mp3;tags;Le Corbusier;Dance (Original Mix);NON;0.0;;;;;;;
2016-10-23\Le Corbusier_Eskiboy_Original_Mix.mp3;tags;Le Corbusier;Eskiboy (Original Mix);NON;0.0;;;;;;;
2016-10-23\Teenage Mutants_Elision_Original_Mix.mp3;tags;Jonas Saalbach, Teenage Mutants;Elision (Original Mix);NON;0.0;;;;;;;
2016-10-23\Teenage Mutants_Expression_Original_Mix.mp3;tags;Teenage Mutants, EdOne, Bodden;Expression (Original Mix);NON;0.0;;;;;;;
2016-11-26\Gorje_Hewek_Izhevski_-_Innoko_muzafon.me.mp3;tags;Gorje Hewek & Izhevski;Innoko;MATCH;100.0;Gorje Hewek & Izhevski;Innoko;Electronic;Deep House;2016;Shanti Radio Moscow;8605406
2016-11-26\Hauswerks_Doorly_-_The_Illusionist_Original_Mix__muzafon.me.mp3;tags;Hauswerks, Doorly;The Illusionist (Original Mix);MATCH;100.0;Doorly;The Illusionist;Electronic;Tech House/House;2015;Hot Creations;7519568
2016-11-26\Precious_-_definition_of_a_track_muzafon.me.mp3;tags;Precious;Definition of a Track;MATCH;100.0;Precious;Definition Of A Track;Electronic/Hip Hop;House/Hip-House;1989;On The Beat;217145
2016-11-26\Recondite_-_Caldera_Original_Mix__muzafon.me.mp3;tags;Recondite;Caldera (Original Mix);MATCH;100.0;Recondite;Caldera;Electronic;Techno;2014;Hotflush Recordings;6029111
2016-11-26\Tale_Of_Us_-_North_Star_Original_Mix__muzafon.me.mp3;tags;Tale of Us;Unreleased (Life&Death);NON;71.0;Tale Of Us;Departures;;;;;
2017-05-22\Alternate_Perceptions_-Nowhere_Nuthin_Original_Mix.mp3;tags;Alternate Perceptions;Nowhere Nuthin Original Mix;NON;0.0;;;;;;;
2017-05-22\Boris_Brejcha_-Angel_In_The_Sky_Original_Mix.mp3;tags;Boris Brejcha;Angel In The Sky Original Mix;MATCH;100.0;Boris Brejcha;Angel In The Sky;Electronic;Minimal Techno/Techno;2013;Harthouse Digital;5565848
2017-05-22\Bream_-Rhodos.mp3;tags;Bream;Rhodos;MATCH;100.0;Bream (2);Rhodos (Radio Edit);Electronic;Progressive House;2010;Fusion Recordings;16008202
2017-05-22\Charlotte_De_Witte_-Weltschmerz_Original_Mix.mp3;tags;Charlotte De Witte;Weltschmerz Original Mix;MATCH;100.0;Charlotte De Witte;Weltschmerz;Electronic;Techno;2015;Turbo;7836869
2017-05-22\Dave_Porter_-_Breaking_Bad_Township_Rebellion_Remix.mp3;nom de fichier;Dave_Porter;Breaking_Bad_Township_Rebellion_Remix;NON;78.2;Dave Porter (5);Breaking Bad Main Title Theme (Extended);;;;;
2017-05-22\Dole_amp_Kom_-Southern_Living_Original_Mix.mp3;tags;"Dole &amp; Kom";Southern Living (Original Mix);MATCH;100.0;Dole & Kom;Southern Living;Electronic;Tech House/Progressive House;2015;Spielgold;7519687
2017-05-22\Eelke_Kleijn_-Universal_Soul_Original_Mix.mp3;tags;Eelke Kleijn;Universal Soul (Original Mix);MATCH;100.0;Eelke Kleijn;Universal Soul;Electronic;House/Tech House;2014;Toolroom Trax;10829681
2017-05-22\Hobo_-Daydream_Original_Mix.mp3;tags;Hobo;Daydream (Original Mix) http:/;NON;65.0;Hobo (3);From A To B;;;;;
2017-05-22\Ida_Corr_-Jungle_Fever_Township_Rebellion_Remix.mp3;tags;Ida Corr;Jungle Fever (Township Rebellion Remix);MATCH;100.0;Ida Corr;Jungle Fever (Township Rebellion Remix);Electronic;Progressive House;2014;Co2 Music;6100964
2017-05-22\Josh_Wink_-Buoyantly_Grounded.mp3;tags;Josh Wink;Buoyantly Grounded;NON;0.0;;;;;;;
2017-05-22\RUFUS_-Innerbloom_H_O_S_H_Remix_DP.mp3;tags;RUFUS;Innerbloom (H O S H Remix);MATCH;100.0;Rüfüs;Innerbloom (H.O.S.H Remix);Electronic;Synth-pop/House/Leftfield;2016;Sweat It Out!;8394307
2017-05-22\Sarah_Vaughan_-Whatever_Lola_Wants.mp3;tags;Sarah Vaughan;Whatever Lola Wants;MATCH;100.0;Sarah Vaughan;Whatever Lola Wants;Jazz;Easy Listening;1954;Mercury;684651
2017-05-22\Ten_Walls_-Mongol.mp3;tags;Ten Walls;Mongol;MATCH;100.0;Ten Walls;Mongol;Electronic;Deep House;2013;Life And Death;5068388
2017-05-22\Township_Rebellion_-1625.mp3;tags;Township Rebellion;1625;MATCH;100.0;Township Rebellion;1625;Electronic;Tech House;2016;Tommy Boy;13599758
2017-05-22\Township_Rebellion_-After_Berlin_Original_Mix.mp3;tags;Township Rebellion;After Berlin Original_Mix;MATCH;100.0;Township Rebellion;After Berlin;Electronic;Tech House;2016;Tommy Boy;13599758
2017-05-22\Township_Rebellion_-Charlotte_Original_Mix.mp3;tags;Township Rebellion;Charlotte Original Mix;NON;0.0;;;;;;;
2017-05-22\Township_Rebellion_-Das_Schwarze_Loch.mp3;tags;Township Rebellion;Das Schwarze Loch;MATCH;100.0;Township Rebellion;Das Schwarze Loch;Electronic;Tech House;2016;Tommy Boy;13599758
2017-05-22\Township_Rebellion_-Demenz.mp3;tags;Township Rebellion;Demenz;NON;0.0;;;;;;;
2017-05-22\Township_Rebellion_-Desert_Eagle.mp3;tags;Township Rebellion;Desert Eagle;NON;0.0;;;;;;;
2017-05-22\Township_Rebellion_-Expression.mp3;tags;Township Rebellion;Expression;MATCH;100.0;Township Rebellion;Expression;Electronic;Tech House;2016;Tommy Boy;13599758
2017-05-22\Township_Rebellion_-Galil.mp3;tags;Township Rebellion;Galil;NON;0.0;;;;;;;
2017-05-22\Township_Rebellion_-Industry.mp3;tags;Township Rebellion;Industry;MATCH;100.0;Township Rebellion;Industry;Electronic;Tech House;2016;Tommy Boy;13599758
2017-05-22\Township_Rebellion_-Injection.mp3;tags;Township Rebellion;Injection;MATCH;100.0;Township Rebellion;Injection;Electronic;Tech House;2016;Tommy Boy;13599758
2017-05-22\Township_Rebellion_-Kristalle.mp3;tags;Township Rebellion;Kristalle;MATCH;100.0;Township Rebellion;Kristalle;Electronic;Tech House;2016;Tommy Boy;13599758
2017-05-22\Township_Rebellion_-Massive.mp3;tags;Township Rebellion;Massive;MATCH;100.0;Township Rebellion;Massive;Electronic;Tech House;2016;Tommy Boy;13599758
2017-05-22\Township_Rebellion_-Portus.mp3;tags;Township Rebellion;Portus;NON;0.0;;;;;;;
2017-05-22\Township_Rebellion_-Too_Late_for_N.mp3;tags;Township Rebellion;Too Late for Now;NON;0.0;;;;;;;
2017-05-22\Township_Rebellion_-Toronto.mp3;tags;Township Rebellion;Toronto;NON;0.0;;;;;;;
2017-05-22\Township_Rebellion_-Vobia.mp3;tags;Township Rebellion;Vobia;MATCH;100.0;Township Rebellion;Vobia;Electronic;Tech House;2016;Tommy Boy;13599758
2017-05-22\Township_Rebellion_-Wanderland.mp3;tags;Township Rebellion;Wanderland;NON;0.0;;;;;;;
2017-05-22\Uto_Karem_-Butterfly_Effect.mp3;tags;Uto Karem;Butterfly Effect;MATCH;100.0;Uto Karem;Butterfly Effect;Electronic;Minimal Techno/Tech House;2010;Plus 8 Records;2247861
2017-05-22\Uto_Karem_-Deep_Inside_Format_B_Remix.mp3;tags;Uto Karem;Deep Inside (Format B Remix);MATCH;100.0;Uto Karem;Deep Inside (Format:B Remix);Electronic;Techno;2012;Agile Recordings;15069608
2017-05-27\boris_brejcha_white_snake.mp3;tags;Boris Brejcha;White Snake;MATCH;100.0;Boris Brejcha;White Snake;Electronic;Minimal Techno;2007;Harthouse Digital;978203
2017-05-27\daniel_bortz_-_steady_note_original_mix.mp3;tags;Daniel Bortz;Steady Note (Original Mix);MATCH;100.0;Daniel Bortz;Steady Note;Electronic;Techno/Minimal;2014;Pastamusik;6417675
2017-05-27\rodriguez_jr_kenopsia_original_mix.mp3;tags;Rodriguez Jr.;Kenopsia (Original Mix);MATCH;100.0;Rodriguez Jr.;Kenopsia;Electronic;Tech House/Deep House;2015;Mobilee;7408881
2017-05-27\victor_ruiz_-_serpens_original_mix.mp3;tags;Victor Ruiz;Serpens (Original Mix);MATCH;100.0;Victor Ruiz (2);Serpens;Electronic;Techno;2014;Electric Ballroom (2);6511856
2017-06-02\henry_krinkle_-_stay_kolsch_remix.mp3;tags;Henry Krinkle;Stay (Kolsch Remix);MATCH;100.0;Henry Krinkle;Stay (Kolsch Remix);Electronic;Deep House/Tech House;2014;Sony Music;6724444
2017-06-02\klsch_-_1983.mp3;tags;Kölsch;1983;MATCH;100.0;Kölsch;1983;Electronic;Tech House/Techno/Progressive House;2015;Kompakt;7097208
2017-06-02\klsch_-_bappedekkel.mp3;tags;Kölsch;Bappedekkel;MATCH;100.0;Kölsch;Bappedekkel;Electronic;Tech House/Techno/Progressive House;2013;Kompakt;4668103
2017-06-02\klsch_-_basshund.mp3;tags;Kölsch;Basshund;MATCH;100.0;Kölsch;Basshund;Electronic;Tech House/Techno/Progressive House;2013;Kompakt;4668103
2017-06-02\klsch_-_bloodline_feat_tomas_hffding_original_mix.mp3;tags;Kölsch;Bloodline Feat. Tomas Høffding (Original Mix);MATCH;100.0;Kölsch;Bloodline;Electronic;Tech House/Techno/Progressive House;2015;Kompakt;7097208
2017-06-02\klsch_-_der_alte.mp3;tags;Kölsch;Der Alte;MATCH;100.0;Kölsch;Der Alte;Electronic;Techno/Tech House;2011;Kompakt Extra;3228076
2017-06-02\klsch_-_die_anderen.mp3;tags;Kölsch;Die Anderen;MATCH;100.0;Kölsch;Die Anderen;Electronic;Tech House/Techno/Progressive House;2015;Kompakt;7097208
2017-06-02\klsch_-_e45.mp3;tags;Kölsch;E45;MATCH;100.0;Kölsch;E45;Electronic;Tech House/Techno/Progressive House;2015;Kompakt;7097208
2017-06-02\klsch_-_grey.mp3;tags;Kölsch;Grey;MATCH;100.0;Kölsch;Grey;Electronic;Tech House;2016;Kompakt Extra;9074113
2017-06-02\klsch_-_moonface.mp3;tags;Kölsch;Moonface;MATCH;100.0;Kölsch;Moonface;Electronic;Tech House/Techno/Progressive House;2015;Kompakt;7097208
2017-06-02\klsch_-_opa.mp3;tags;Kölsch;Opa;MATCH;100.0;Kölsch;Opa;Electronic;Techno/Tech House;2011;Kompakt Extra;3228076
2017-06-02\klsch_-_pacer.mp3;tags;Kölsch;Pacer;MATCH;100.0;Kölsch;Pacer;Electronic;Tech House/Techno/Progressive House;2015;Kompakt;7097208
2017-06-02\klsch_-_two_birds.mp3;tags;Kölsch;Two Birds;MATCH;100.0;Kölsch;Two Birds;Electronic;Techno;2015;Kompakt Extra;6897586
2017-06-02\klsch_-_unterwegs.mp3;tags;Kölsch;Unterwegs;MATCH;100.0;Kölsch;Unterwegs;Electronic;Tech House/Techno/Progressive House;2015;Kompakt;7097208
2017-06-02\klsch_-_zig.mp3;tags;Kölsch;Zig;MATCH;100.0;Kölsch;Zig;Electronic;Tech House;2013;Kompakt Extra;4503786
2017-06-02\kolsch_-_cassiopeia_feat_gregor_schwellenbach.mp3;tags;Kolsch;Cassiopeia (feat. Gregor Schwellenbach);MATCH;100.0;Kölsch;Cassiopeia;Electronic;Minimal/Tech House;2014;Kompakt Extra;5822136
2017-06-02\kolsch_-_derdiedas_original_mix_kompakt_(zf.fm).mp3;tags;Kolsch;Derdiedas (Original Mix) [Kompakt];NON;81.5;Kölsch;DerDieDas;;;;;
2017-06-02\kolsch_-_eiswinter.mp3;tags;Kolsch;Eiswinter;MATCH;100.0;Kölsch;Eiswinter;Electronic;Tech House/Techno/Progressive House;2013;Kompakt;4668103
2017-06-02\kolsch_-_felix.mp3;tags;Kolsch;Felix;MATCH;100.0;Kölsch;Felix;Electronic;Tech House/Techno/Progressive House;2013;Kompakt;4668103
2017-06-02\kolsch_-_goldfisch_original_mix.mp3;tags;Kolsch;Goldfisch (Original Mix);MATCH;100.0;Kölsch;Goldfisch;Electronic;Tech House;2013;Kompakt Extra;4503786
2017-06-02\kolsch_-_loreley.mp3;tags;Kolsch;Loreley;MATCH;100.0;Kölsch;Loreley;Electronic;Techno/Tech House;2010;Kompakt Extra;2511047
2017-06-02\kolsch_-_oma.mp3;tags;Kolsch;Oma;MATCH;100.0;Kölsch;Oma;Electronic;Tech House/Techno/Progressive House;2013;Kompakt;4668103
2017-06-02\kolsch_-_silberpfeil.mp3;tags;Kolsch;Silberpfeil;MATCH;100.0;Kölsch;Silberpfeil;Electronic;Techno/Tech House;2010;Kompakt Extra;2511047
2017-06-02\kolsch_-_wasserschutz.mp3;tags;Kolsch;Wasserschutz;MATCH;100.0;Kölsch;Wasserschutz;Electronic;Tech House/Techno/Progressive House;2013;Kompakt;4668103
2017-06-03\01_ace_ventura_vertical_mode_vertical_ace.mp3;tags;Vertical Mode & Ace Ventura;Vertical Ace;MATCH;100.0;Vertical Mode;Vertical Ace;Electronic;Psy-Trance/Progressive Trance;2014;HOM-Mega Productions;6782901
2017-06-03\01_astrix_shamanic_tales_original_mix.mp3;tags;Astrix;Shamanic Tales (Original Mix);MATCH;100.0;Astrix;Shamanic Tales;Electronic;Psy-Trance/Progressive Trance;2016;HOM-Mega Productions;8186719
2017-06-03\01_astrix_vicious_cycles_symphonix_remix.mp3;tags;Astrix;Vicious Cycles [Symphonix Remix];MATCH;100.0;Astrix;Vicious Cycles - Symphonix Remix;Electronic;Progressive Trance/Psy-Trance;2014;Blue Tunes Recordings;5754347
2017-06-03\02_astrix_deep_jungle_walk_original_mix.mp3;tags;Astrix;Deep Jungle Walk (Original Mix);MATCH;100.0;Astrix;Deep Jungle Walk;Electronic;Psy-Trance/Progressive Trance;2016;HOM-Mega Productions;8186719
2017-06-03\02_talamasca_cosmic_company_talamasca_remix.mp3;tags;Digicult;Cosmic Company (Talamasca Remix);NON;0.0;;;;;;;
2017-06-03\03_astrix_alien_turned_human_original_mix.mp3;tags;Astrix;Alien Turned Human (Original Mix);MATCH;100.0;Astrix;Alien Turned Human;Electronic;Psy-Trance/Progressive Trance;2016;HOM-Mega Productions;8186719
2017-06-03\05_astrix_he_art_original_mix.mp3;tags;Astrix;He.art (Original Mix);MATCH;100.0;Astrix;He.Art;Electronic;Psy-Trance/Progressive Trance;2016;HOM-Mega Productions;8186719
2017-06-03\09_juno_reactor_conquistador_astrix_remix.mp3;tags;Juno Reactor;Conquistador [Astrix Remix];NON;0.0;;;;;;;
2017-06-03\09_soax_illusion_myzuka.me.mp3;tags;SoAx;Illusion;NON;0.0;;;;;;;
2017-06-03\14_ace_ventura_neurochemistry.mp3;tags;Ace Ventura;Neurochemistry;MATCH;100.0;Ace Ventura;Neurochemistry;Electronic;Psy-Trance/Progressive Trance;2015;Iboga Records;7019102
2017-06-03\2-infected_mushroom-killing_time_(astrix_remix).mp3;tags;Infected Mushroom;Killing Time (Astrix Remix);MATCH;100.0;Infected Mushroom;Killing Time (Astrix Remix);Electronic;Psy-Trance;2010;HOM-Mega Productions;2391636
2017-06-03\ajja_-_flanger_management.mp3;tags;Ajja;Flanger Management;NON;0.0;;;;;;;
2017-06-03\ajja_-_funklestiltskin.mp3;tags;Ajja;Funklestiltskin;MATCH;100.0;Ajja;Funklestiltskin;Electronic;Psy-Trance;2007;Syncronize Records;1138392
2017-06-03\ajja_-_nubian_sandstone.mp3;tags;Ajja;Nubian Sandstone;NON;0.0;;;;;;;
2017-06-03\ajja_-_solar.mp3;tags;Ajja;Solar;MATCH;100.0;Ajja;Solar;Electronic;Psy-Trance;2007;Syncronize Records;1138392
2017-06-03\ajja_-_spitfir.mp3;tags;Ajja;Spitfire;MATCH;100.0;Ajja;Spitfire;Electronic;Psy-Trance;2007;Syncronize Records;1138392
2017-06-03\ajja_-_tripmunch.mp3;tags;Ajja;Tripmunch;MATCH;100.0;Ajja;Tripmunch;Electronic;Psy-Trance;2007;Syncronize Records;1138392
2017-06-03\ajja_-_unicorn_flakes.mp3;tags;Ajja;Unicorn Flakes;NON;0.0;;;;;;;
2017-06-03\day_din_-_breaking_dread.mp3;tags;Day Din;Breaking Dread;MATCH;100.0;Day.Din;Breaking Dread;Electronic;Progressive Trance/Downtempo;2013;Spintwist Records;4992403
2017-06-03\infected_mushroom_-_astrix_on_mushrooms.mp3;tags;Infected Mushroom;Astrix On Mushrooms;MATCH;100.0;Infected Mushroom;Astrix On Mushrooms;Electronic;Dubstep/Psy-Trance/Electro/Glitch;2013;Dim Mak Records;4218967
2017-06-03\juno_reactor_-_conga_fury_ace_ventura_remix.mp3;tags;Juno Reactor;Conga Fury (Ace Ventura Remix);MATCH;100.0;Juno Reactor;Conga Fury (Ace Ventura Remix);Electronic;Trance/Tribal/Psy-Trance/Progressive Trance/Goa Trance;2011;Metropolis;2983702
2017-06-03\loud_-_small_talk.mp3;tags;Loud;Small Talk;NON;82.9;Loud (6);Small Talk Remixes;;;;;
2017-06-03\loud_-_subinya_ace_ventura_remix.mp3;tags;Loud;Subinya [Ace Ventura Remix];MATCH;100.0;Loud (6);Subinya (Ace Ventura Remix);Electronic;Psy-Trance/Progressive Trance;2011;Nano Records;3012250
2017-06-03\neelix_-_dirty_buddy_neelix_rmx.mp3;tags;Neelix;Dirty Buddy (Neelix Rmx);NON;0.0;;;;;;;
2017-06-03\neelix_-_glitter_pink_neelix_rmx.mp3;tags;Neelix;Glitter Pink (Neelix Rmx);MATCH;97.5;Neelix;Glitter Pink (Neelix Remix);Electronic;Progressive House/Progressive Trance;2009;Spintwist Records;1666451
2017-06-03\neelix_-_never_look_behind_neelix_rmx.mp3;tags;Neelix;Never Look Behind (Neelix Rmx);NON;0.0;;;;;;;
2017-06-03\neelix_-_robot_monsters_neelix_remix.mp3;tags;Neelix;Robot Monsters (Neelix Remix);MATCH;100.0;Neelix;Robot Monsters (Neelix Remix);Electronic;Progressive Trance;2011;Spintwist Records;2771535
2017-06-03\parasense_-_a_nam_vse_ravno.mp3;tags;Parasense;A Nam Vse Ravno;NON;73.3;Parasense;Big Rave With No Name;;;;;
2017-06-03\parasense_-_apple_in_your_hand.mp3;tags;Parasense;Apple in Your Hand;MATCH;100.0;Parasense;Apple In Your Hand;Electronic;Psy-Trance;2001;Acidance Records;35798
2017-06-03\parasense_-_drel_para_sence.mp3;tags;Parasense;Drel Para Sence;NON;71.8;Parasense;Past Present Future;;;;;
2017-06-03\parasense_-_mendelson.mp3;tags;Parasense;Mendelson;NON;0.0;;;;;;;
2017-06-03\parasense_-_paranoia.mp3;tags;Parasense;Paranoia;NON;0.0;;;;;;;
2017-06-03\parasense_-_ritual_of_drugs.mp3;tags;Parasense;Ritual Of Drugs;MATCH;100.0;Parasense;Ritual Of Drugs;Electronic;Psy-Trance;2003;Acidance Records;106931
2017-06-03\parasense_-_rubel_upal.mp3;tags;Parasense;Rubel Upal;NON;68.8;Parasense;Ritual Of Drugs;;;;;
2017-06-03\parasense_-_step_like_this.mp3;tags;Parasense;Step Like This;MATCH;100.0;Parasense;Step Like This;Electronic;Psy-Trance;2001;Acidance Records;35798
2017-06-03\parasense_-_vesna.mp3;tags;Parasense;Vesna;MATCH;100.0;Parasense;Vesna;Electronic;Psy-Trance;2003;Crystal Matrix Records;240429
2017-06-03\perfect_stranger_-_a_mosquito_bit_my_leg.mp3;tags;Perfect Stranger;A Mosquito Bit My Leg;MATCH;100.0;Perfect Stranger;A Mosquito Bit My Leg;Electronic;Progressive House/Progressive Trance;2010;Digital Structures;3559191
2017-06-03\perfect_stranger_-_stardust_felguk_remix.mp3;tags;Perfect Stranger;Stardust (Felguk Remix);MATCH;100.0;Perfect Stranger;Stardust (Felguk Remix);Electronic;Progressive House/Progressive Trance;2009;Iboga Records;1619231
2017-06-03\perfect_strangers_-_still_the_one.mp3;tags;Perfect Strangers;Still the One;NON;83.3;Perfect Strangers (17);Still The One = スティル・ザ・ワン;;;;;
2017-06-03\perfect_tone_-_freedom_original_mix.mp3;tags;Perfect Tone;Freedom (Original Mix);MATCH;100.0;Perfect Tone;Freedom;Electronic;Psy-Trance;2015;BMSS Records;7661521
2017-06-03\talamasca_-_back_to_bach_original_mix.mp3;tags;Talamasca;Back to Bach Original Mix;MATCH;100.0;Talamasca;Back To Bach;Electronic;Psy-Trance;2010;Mind Control Records;2677226
2017-06-03\talamasca_-_day_dreaming.mp3;tags;Talamasca;Day Dreaming;MATCH;100.0;Talamasca;Day Dreaming;Electronic;Psy-Trance;2013;Dacru Records;4260701
2017-06-03\talamasca_-_golden_boy.mp3;tags;Talamasca;Golden Boy;MATCH;100.0;Talamasca;Golden Boy;Electronic;Psy-Trance;2014;Dacru Records;5640698
2017-06-03\talamasca_-_polynesian_lion.mp3;tags;Talamasca;Polynesian Lion;MATCH;100.0;Talamasca;Polynesian Lion;Electronic;Psy-Trance;2020;Trance Sphere;16162247
2017-06-03\talamasca_-_self_aware.mp3;tags;Talamasca;Self Aware;MATCH;100.0;Talamasca (3);Self Aware;Rock;Progressive Metal;1998;Not On Label (Talamasca (3) Self-released);4085759
2017-06-03\talamasca_-_summer_time.mp3;tags;Talamasca;Summer Time;MATCH;100.0;Talamasca;Summer Time;Electronic;Psy-Trance;2014;Dacru Records;5640698
2017-06-03\talamasca_-_we_are_freedom.mp3;tags;Talamasca;We Are Freedom;MATCH;100.0;Talamasca;We Are Freedom;Electronic;Psy-Trance;2014;Dacru Records;5640698
2017-06-03\vini_vici_-_the_tribe.mp3;tags;Vini Vici;The Tribe;MATCH;100.0;Vini Vici;The Tribe;Electronic;Progressive Trance/Psy-Trance;2015;Iboga Records;6905434
2017-06-03\wicked_wild_-_toot_make_drums_in_the_valley.mp3;tags;Wicked Wild;Toot Make Drums in the Valley;MATCH;100.0;Wicked Wild;Toot Make Drums In The Valley;Electronic;Psy-Trance;2014;Global Minds Records;16316217
2017-06-29\Dub Rock (Feat. Tanya Stephens - It's A Pity.mp3;tags;Dub Rock (Feat. Tanya Stephens;It's A Pity;MATCH;100.0;Tanya Stephens;It's A Pity;Reggae;Dancehall;2002;Germaican Records Jamaica;465653
2017-07-03\-Marco Marzulli - Motion (Original Mix).mp3;tags;Marco Marzulli;Motion (Original Mix);NON;0.0;;;;;;;
2017-07-03\1991 - VHS (Original Mix).mp3;tags;1991;VHS (Original Mix);MATCH;100.0;1991 (5);VHS;Electronic;Drum n Bass/Trap;2017;1991 (3);29948143
2017-07-03\Andy C - What Bass (Original Mix).mp3;tags;Andy C;What Bass (Original Mix);MATCH;100.0;Andy C;What Bass;Electronic;Drum n Bass;2017;RAM Records;10206905
2017-07-03\Black Tiger Sex Machine - Rezorecta VIP (Original Mix).mp3;tags;Black Tiger Sex Machine;Rezorecta VIP (Original Mix);MATCH;100.0;Black Tiger Sex Machine;Rezorecta VIP;Electronic;Dubstep;2017;Kannibalen Records;10700062
2017-07-03\Break, Total Science - Big Time Winners (Original Mix).mp3;tags;Total Science, Break;Big Time Winners (Original Mix);MATCH;100.0;Total Science;Big Time Winners;Electronic;Drum n Bass;2017;C.I.A.;9865403
2017-07-03\Bungle - Cocooned (Original Mix).mp3;tags;Bungle;Cocooned (Original Mix);MATCH;100.0;Bungle;Cocooned;Electronic;Drum n Bass;2017;31 Records;10270519
2017-07-03\Calyx & TeeBee, Mortlock - Scaramanga (Original Mix).mp3;tags;Mortlock, Calyx & TeeBee;Scaramanga (Original Mix);MATCH;100.0;Calyx & Teebee;Scaramanga;Electronic;Drum n Bass;2017;RAM Records;10067752
2017-07-03\Coda - Black Magic (Original Mix).mp3;tags;Coda;Black Magic (Original Mix);MATCH;100.0;Coda (11);Black Magic;Electronic;Drum n Bass;2017;Charge;10659396
2017-07-03\DC Breaks - Step Up (Original Mix).mp3;tags;DC Breaks;Step Up (Original Mix);MATCH;100.0;DC Breaks;Step Up;Electronic;Drum n Bass;2017;RAM Records;10079499
2017-07-03\DJ Guv - Warning (Original Mix).mp3;tags;DJ Guv;Warning (Original Mix);MATCH;100.0;DJ Guv;Warning;Electronic;Drum n Bass;2015;Dubz Audio;10660790
2017-07-03\Dark Sky - Cyan (Original Mix).mp3;tags;Dark Sky;Cyan (Original Mix);MATCH;100.0;Dark Sky (2);Cyan;Electronic;Downtempo/Minimal Techno/Tech House;2017;Monkeytown Records;10099181
2017-07-03\Document One - Uh-Huh (Original Mix).mp3;tags;Document One;Uh-Huh (Original Mix);NON;0.0;;;;;;;
2017-07-03\Drs, Enei - The Process feat. DRS (Original Mix).mp3;tags;Enei, Drs;The Process feat. DRS (Original Mix);NON;0.0;;;;;;;
2017-07-03\Drumsound & Bassline Smith - The Odyssey (VIP).mp3;tags;Drumsound & Bassline Smith;The Odyssey (VIP);MATCH;95.9;"Drumsound & Simon ""Bassline"" Smith";The Odyssey;Electronic;Drum n Bass;2004;Prototype Recordings;321593
2017-07-03\Dub Elements - Fire Power (Original Mix).mp3;tags;Dub Elements;Fire Power (Original Mix);NON;0.0;;;;;;;
2017-07-03\Dub Phizix - (Right I Know I'm Gonna get Shredded this Weekend so Let Me Eat Some) Spinach (Original Mix).mp3;tags;Dub Phizix;(Right I Know I'm Gonna get Shredded this Weekend so Let Me Eat Some) Spinach (Original Mix);MATCH;100.0;Dub Phizix;(Right I Know I'm Gonna Get Shredded This Weekend So Let Me Eat Some) Spinach;Electronic;Drum n Bass/Halftime;2017;Exit Records (7);10388514
2017-07-03\Emperor - Bad Blood (Original Mix).mp3;tags;Emperor;Bad Blood (Original Mix);MATCH;91.1;Emperor Sly;Bad Blood;Electronic;Progressive House/Dub/Techno/Drum n Bass;1997;TP9 Records;795286
2017-07-03\Enei - Crunchy (Original Mix).mp3;tags;Enei;Crunchy (Original Mix);MATCH;100.0;Enei;Crunchy;Electronic;Drum n Bass;2017;Critical Recordings;27483402
2017-07-03\Enei - Easter Island (Original Mix).mp3;tags;Enei;Easter Island (Original Mix);MATCH;100.0;Enei;Easter Island;Electronic;Drum n Bass;2017;Critical Recordings;10223681
2017-07-03\GTA, Sam Bruno - Red Lips (feat. Sam Bruno) (Skrillex Remix).mp3;tags;GTA, Sam Bruno;Red Lips (feat. Sam Bruno) (Skrillex Remix);NON;0.0;;;;;;;
2017-07-03\Gridlok - Cybercrime (Original Mix).mp3;tags;Gridlok;Cybercrime (Original Mix);MATCH;100.0;Gridlok;Cybercrime;Electronic;Drum n Bass;2017;Blackout Music NL;10612526
2017-07-03\JOYRYDE - I WARE HOUSE (Original Mix).mp3;tags;JOYRYDE;I WARE HOUSE (Original Mix);MATCH;100.0;JOYRYDE (3);I Ware House;Electronic;Electro House/Bassline;2017;OWSLA;11379114
2017-07-03\James Marvel, June Miller, MC Mota - Dominator (Original Mix).mp3;tags;June Miller, James Marvel, MC Mota;Dominator (Original Mix);NON;0.0;;;;;;;
2017-07-03\Keeno - Empath (Original Mix).mp3;tags;Keeno;Empath (Original Mix);NON;0.0;;;;;;;
2017-07-03\Krytika - Orbit (Original Mix).mp3;tags;Krytika;Orbit (Original Mix);MATCH;100.0;Krytika;Orbit;Electronic;Drum n Bass;2015;Not On Label (Krytika Self-Released);12889473
2017-07-03\Monty - Set The Swing (Original Mix).mp3;tags;Monty;Set The Swing (Original Mix);NON;0.0;;;;;;;
2017-07-03\Nela - No Mambo at Midnight (Original Mix).mp3;tags;Nela;No Mambo at Midnight (Original Mix);MATCH;100.0;NELA (5);No Mambo at Midnight;Electronic;Progressive House;2016;With Compliments (2);31864079
2017-07-03\Nela - Whisper (Original Mix).mp3;tags;Nela;Whisper (Original Mix);MATCH;100.0;NELA (5);Whisper;Electronic;Progressive House;2016;With Compliments (2);31864079
2017-07-03\Noisia - Diplodocus (Noisia's 'Outer Edges' Remix) (Original Mix).mp3;tags;Noisia;Diplodocus (Noisia's 'Outer Edges' Remix) (Original Mix);MATCH;100.0;Noisia;Diplodocus (Noisia's 'Outer Edges' Remix);Electronic;Drum n Bass/Dubstep/Halftime;2017;Vision Recordings;10444368
2017-07-03\Noisia, The Upbeats - Dead Limit (Noisia's 'Outer Edges' Remix) (Original Mix).mp3;tags;Noisia, The Upbeats;Dead Limit (Noisia's 'Outer Edges' Remix) (Original Mix);MATCH;100.0;Noisia;Dead Limit (Noisia's 'Outer Edges' Remix);Electronic;Drum n Bass/Dubstep/Halftime;2017;Vision Recordings;10444368
2017-07-03\PhaseOne (AUS) - Circle Pit feat. Virus Syndicate (Original Mix).mp3;tags;PhaseOne (AUS);Circle Pit feat. Virus Syndicate (Original Mix);NON;0.0;;;;;;;
2017-07-03\Riot - Disorder (Original Mix).mp3;tags;Riot;Disorder (Original Mix);MATCH;100.0;RIOT (23);Disorder;Electronic;Dubstep;2017;Monstercat;12390252
2017-07-03\S.P.Y - Alone in the Dark (Original Mix).mp3;tags;S.P.Y;Alone in the Dark (Original Mix);NON;0.0;;;;;;;
2017-07-03\S.P.Y - Losin' Sleep (Original Mix).mp3;tags;S.P.Y;Losin' Sleep (Original Mix);NON;0.0;;;;;;;
2017-07-03\SCRVP - Helix (Original Mix).mp3;tags;SCRVP;Helix (Original Mix);NON;0.0;;;;;;;
2017-07-03\Smalltown DJs, Torro Torro - House Shake (Brillz x My Bad Remix).mp3;tags;Torro Torro, Smalltown DJs;House Shake (Brillz x My Bad Remix);MATCH;100.0;Torro Torro;House Shake (Brillz x My Bad Remix);Electronic;Electro House/Dubstep/Breaks;2017;Twonk;12664547
2017-07-03\Thelem - Cliques (Original Mix).mp3;tags;Thelem;Cliques (Original Mix);MATCH;100.0;Thelem;Cliques;Electronic;Breakbeat;2017;Deep, Dark And Dangerous;10969809
2017-07-03\Township Rebellion - Aphrodite (Original Mix).mp3;tags;Township Rebellion;Aphrodite (Original Mix);MATCH;100.0;Township Rebellion;Aphrodite;Electronic;House/Techno;2017;Stil Vor Talent;15240914
2017-07-03\What So Not - Divide & Conquer (Noisia Remix).mp3;tags;What So Not;Divide & Conquer (Noisia Remix);MATCH;100.0;What So Not;Divide & Conquer (Noisia Remix);Electronic/Pop;Drum n Bass/Dubstep/House/Dance-pop/Disco;2017;Sweat It Out!;10458685
2017-07-03\Yak - Mido (Original Mix).mp3;tags;Yak;Mido (Original Mix);MATCH;100.0;Yak (19);Mido;Electronic;Techno/Tribal;2017;Version (2);10448004
2017-07-05\Aphrodite - Acid To The Sound (Original Mix).mp3;tags;Aphrodite;Acid To The Sound (Original Mix);MATCH;100.0;Aphrodite;Acid To The Sound;Electronic;Drum n Bass;2015;Aphrodite Recordings;7190481
2017-07-05\Aphrodite - Ganja Man (Decade VIP).mp3;tags;Aphrodite;Ganja Man (Decade VIP);MATCH;100.0;Aphrodite;Ganja Man (Decade VIP);Electronic;Jungle;2017;Aphrodite Recordings;11730471
2017-07-05\Aphrodite - Let It Roll (Original Mix).mp3;tags;Aphrodite;Let It Roll (Original Mix);MATCH;100.0;Aphrodite;Let It Roll;Electronic;Drum n Bass/Jungle;2021;Aphrodite Recordings;28255639
2017-07-05\Aphrodite - Two Bass (Original Mix).mp3;tags;Aphrodite;Two Bass (Original Mix);MATCH;100.0;Aphrodite;Two Bass;Electronic;Drum n Bass;2015;Aphrodite Recordings;7190481
2017-07-05\Document One - 7th Dimension (Original Mix).mp3;tags;Document One;7th Dimension (Original Mix);MATCH;100.0;Document One;7th Dimension;Electronic;Drum n Bass;2017;Technique Recordings;12989796
2017-07-05\Jauz, Netsky - Higher (The Prototypes Remix).mp3;tags;Netsky, Jauz;Higher (The Prototypes Remix);MATCH;100.0;Jauz;Higher (The Prototypes Remix);Electronic;Drum n Bass/Dubstep;2016;Sony Music Entertainment;9734261
2017-07-05\Noisia - Sinkhole (Original Mix).mp3;tags;Noisia;Sinkhole (Original Mix);MATCH;100.0;Noisia;Sinkhole;Electronic;Drum n Bass/Breakbeat;2016;Vision Recordings;8850457
2017-07-05\Noisia - Straight Hook (Original Mix).mp3;tags;Noisia;Straight Hook (Original Mix);MATCH;100.0;Noisia;Straight Hook;Electronic;Drum n Bass/Breakbeat;2016;Vision Recordings;8850457
2017-07-05\Noisia - Tentacles (Original Mix).mp3;tags;Noisia;Tentacles (Original Mix);MATCH;100.0;Noisia;Tentacles;Electronic;Drum n Bass/Breakbeat;2016;Vision Recordings;8850457
2017-07-05\Phace - Lost (Original Mix).mp3;tags;Phace;Lost (Original Mix);NON;74.3;Phace;Lost Touch;;;;;
2017-07-05\Vicious Circle - Between The Lines (Original Mix).mp3;tags;Vicious Circle;Between The Lines (Original Mix);NON;0.0;;;;;;;
2017-07-10\Arnaud Rebotini - All You Need Is Techno (Gesaffelstein Remix).mp3;tags;Arnaud Rebotini;All You Need Is Techno (Gesaffelstein Remix);MATCH;100.0;Arnaud Rebotini;All You Need Is Techno (Gesaffelstein Remix);Electronic;Techno/Electro;2011;Blackstrobe Records;2878699
2017-07-10\Arnaud Rebotini - Pagan Dance Move (Original Mix).mp3;tags;Arnaud Rebotini;Pagan Dance Move (Original Mix);MATCH;100.0;Arnaud Rebotini;Pagan Dance Move;Electronic;Electro/Techno;2012;Zone;4043204
2017-07-10\Daniel Avery - Drone Logic (Original Mix).mp3;tags;Daniel Avery;Drone Logic (Original Mix);MATCH;100.0;Daniel Avery;Drone Logic;Electronic;House/Techno/Electro/Acid;2012;Phantasy Sound;3980062
2017-07-10\Fils Unique - Foggy Lagoon (Original Mix).mp3;tags;Fils Unique;Foggy Lagoon (Original Mix);NON;0.0;;;;;;;
2017-07-10\Fils Unique - My Girl(s) (Original Mix).mp3;tags;Fils Unique;My Girl(s) (Original Mix);NON;0.0;;;;;;;
2017-07-10\Hypnolove - Simple, Classic, Beautiful (Original Mix).mp3;tags;Hypnolove;Simple, Classic, Beautiful (Original Mix);MATCH;100.0;Hypnolove;Simple, Classic, Beautiful;Electronic;Synth-pop/House/Electro/Disco;2013;Record Makers;4585746
2017-07-10\Jesper Ryom - Aviator (Original Mix).mp3;tags;Jesper Ryom;Aviator (Original Mix);MATCH;100.0;Jesper Ryom;Aviator;Electronic;Deep House;2014;Power Plant Records;6283290
2017-07-10\Jesper Ryom - Clock (Original Mix).mp3;tags;Jesper Ryom;Clock (Original Mix);MATCH;100.0;Jesper Ryom;Clock;Electronic;House;2013;FAT-zig;4570695
2017-07-10\Jesper Ryom - Pacer (Original Mix).mp3;tags;Jesper Ryom;Pacer (Original Mix);NON;0.0;;;;;;;
2017-07-10\Mano Le Tough - Ducks (Original Mix).mp3;tags;Mano Le Tough;Ducks (Original Mix);NON;0.0;;;;;;;
2017-07-10\Moscoman - Mexican Cola Bottle Baby (Original Mix).mp3;tags;Moscoman;Mexican Cola Bottle Baby (Original Mix);MATCH;100.0;Moscoman;Mexican Cola Bottle Baby;Electronic;House/Disco;2016;ESP Institute;8926554
2017-07-10\Polo & Pan - Dorothy (Original Mix).mp3;tags;Polo & Pan;Dorothy (Original Mix);MATCH;100.0;Polo & Pan;Dorothy;Electronic;Electro;2014;Ekler'O'ShocK;9696240
2017-07-10\Polo & Pan - Dragon Pom Z (Original Mix).mp3;tags;Polo & Pan;Dragon Pom Z (Original Mix);MATCH;100.0;Polo & Pan;Dragon Pom Z;Electronic;Electro;2014;Ekler'O'ShocK;9696240
2017-07-10\Red Axes - Sun My Sweet Sun (Original Mix).mp3;tags;Red Axes;Sun My Sweet Sun (Original Mix);MATCH;100.0;Red Axes;Sun My Sweet Sun;Electronic;Electro/House;2016;Permanent Vacation;8194519
2017-07-10\You Man - Birdcage (Original Mix).mp3;tags;You Man;Birdcage (Original Mix);MATCH;100.0;You Man;Birdcage;Electronic;Techno;2013;Alpage Records;6278964
2017-07-10\You Man - Get the Funk (Original Mix).mp3;tags;You Man;Get the Funk (Original Mix);MATCH;100.0;You Man;Get The Funk;Electronic;Techno;2013;Alpage Records;6278964
2017-07-10\You Man - Indian Summer feat. Antoine Pesle (Original Mix).mp3;tags;You Man;Indian Summer feat. Antoine Pesle (Original Mix);NON;0.0;;;;;;;
2017-07-10\You Man - Restless (Original Mix).mp3;tags;You Man;Restless (Original Mix);MATCH;100.0;You Man;Restless;Electronic;Techno;2013;Alpage Records;6278964
2017-07-10\You Man - There Is a Land (Original Mix).mp3;tags;You Man;There Is a Land (Original Mix);MATCH;100.0;You Man;There Is A Land;Electronic;Deep House/EBM;2016;Alpage Records;9515466
2018-01-20\Armen Miran, Hraach - Aldebaran (Original).mp3;tags;Hraach, Armen Miran;Aldebaran (Original);NON;0.0;;;;;;;
2018-01-20\Bedouin - Set The Controls For The Heart Of The Sun (Original Mix).mp3;tags;Bedouin;Set The Controls For The Heart Of The Sun (Original Mix);MATCH;100.0;Bedouin (4);Set The Controls For The Heart Of The Sun;Electronic;House/Tech House/Minimal;2017;Crosstown Rebels;10753124
2018-01-20\Boris Brejcha - Dark Planet (Original Mix).mp3;tags;Boris Brejcha;Dark Planet (Original Mix);MATCH;100.0;Boris Brejcha;Dark Planet;Electronic;Minimal Techno/Tech House/Techno;2013;Harthouse Mannheim;5465447
2018-01-20\Boris Brejcha - FEAR (Original Mix).mp3;tags;Boris Brejcha;FEAR (Original Mix);MATCH;100.0;Boris Brejcha;Fear;Electronic;Progressive House/Tech House/Minimal Techno;2016;FCKNG SERIOUS;9063485
2018-01-20\Cabaret Nocturne - Blind Trust (Original Mix).mp3;tags;Cabaret Nocturne;Blind Trust (Original Mix);NON;0.0;;;;;;;
2018-01-20\Cabaret Nocturne - Lost Town (Original Mix).mp3;tags;Cabaret Nocturne;Lost Town (Original Mix);MATCH;100.0;Cabaret Nocturne;Lost Town;Electronic;Industrial/Nu-Disco/Disco/Darkwave;2017;Roam Recordings;10317708
2018-01-20\Cabaret Nocturne - Occult Spells (Original Mix).mp3;tags;Cabaret Nocturne;Occult Spells (Original Mix);MATCH;100.0;Cabaret Nocturne;Occult Spells;Electronic;Deep Techno/Techno/Nu-Disco/Downtempo;2017;Nein Records (2);11156481
2018-01-20\Chic - Chic Cheer (LP Version).mp3;tags;Chic;Chic Cheer (LP Version);NON;78.7;Chic;Chic Cheer;;;;;
2018-01-20\Dahu - Desolate (Hraach Remix).mp3;tags;Dahu;Desolate (Hraach Remix);NON;0.0;;;;;;;
2018-01-20\Hraach - Hidden Dimension (Kora (CA) Remix).mp3;tags;Hraach;Hidden Dimension (Kora (CA) Remix);MATCH;100.0;Hraach;Hidden Dimension (Kora (CA) Remix);Electronic;Deep House/Tech House;2017;Underyourskin Records;10824130
2018-01-20\Romare - Down the Line (It Takes a Number) (Original Mix).mp3;tags;Romare;Down the Line (It Takes a Number) (Original Mix);MATCH;100.0;Romare;Down The Line (It Takes A Number);Electronic;House/Dubstep;2012;Black Acre;3467880
2018-01-20\Victor Ruiz - Interstellar (Original Mix).mp3;tags;Victor Ruiz;Interstellar (Original Mix);MATCH;100.0;Victor Ruiz (2);Interstellar;Electronic;Techno;2015;Sprout Music;7274184
2018-04-16\AKA AKA, Thalstroem - Warten auf Korg (Original Mix).mp3;tags;Thalstroem, AKA AKA;Warten auf Korg (Original Mix);MATCH;97.9;Aka Aka & Thalstroem;Warten Auf Korg;Electronic/Pop;Tech House/Deep House/Electro House/Indie Pop;2015;Burlesque Musique;7669903
2018-04-16\Adriatique - Voices From The Dawn (Original Mix).mp3;tags;Adriatique;Voices From The Dawn (Original Mix);MATCH;100.0;Adriatique;Voices From The Dawn;Electronic;Deep House;2018;Afterlife (6);11702675
2018-04-16\Alive! - Pompei (Teenage Mutants Remix).mp3;tags;Alive!;Pompei (Teenage Mutants Remix);NON;0.0;;;;;;;
2018-04-16\Audiojack - Luna (David Mayer Remix).mp3;tags;Audiojack;Luna (David Mayer Remix);NON;72.3;Audiojack;Deliver Me (Majik Johnson Remix);;;;;
2018-04-16\Beatamines - Osiris (Township Rebellion Remix).mp3;tags;Beatamines;Osiris (Township Rebellion Remix);NON;72.0;Beatamines;Spark (Christian Nielsen Remix);;;;;
2018-04-16\Bleep Bloop - Angry (Original Mix).mp3;tags;Bleep Bloop;Angry (Original Mix);MATCH;100.0;Bleep Bloop;Angry;Electronic;Glitch/Grime/Dubstep;2017;Liquid Amber;11010973
2018-04-16\Boris Brejcha - Killing Me (Original Mix).mp3;tags;Boris Brejcha;Killing Me (Original Mix);MATCH;100.0;Boris Brejcha;Killing Me;Electronic;Techno/Minimal Techno;2016;FCKNG SERIOUS;8178759
2018-04-16\Boris Brejcha - Purple Noise (Original Mix).mp3;tags;Boris Brejcha;Purple Noise (Original Mix);MATCH;100.0;Boris Brejcha;Purple Noise;Electronic;Minimal Techno/Tech House/Techno;2014;Harthouse Mannheim;5465492
2018-04-16\Caspar, Sasch BBC - Grey Day (Township Rebellion Remix).mp3;tags;Sasch BBC, Caspar;Grey Day (Township Rebellion Remix);NON;0.0;;;;;;;
2018-04-16\Charlotte de Witte - Wisdom (Original Mix).mp3;tags;Charlotte de Witte;Wisdom (Original Mix);MATCH;100.0;Charlotte De Witte;Wisdom;Electronic;Techno;2017;Sleaze Records;10475397
2018-04-16\Daniel Rateuke - Marimbo (Original Mix).mp3;tags;Daniel Rateuke;Marimbo (Original Mix);NON;0.0;;;;;;;
2018-04-16\Daniel Steinberg - Paranoia Bar (Original Mix).mp3;tags;Daniel Steinberg;Paranoia Bar (Original Mix);MATCH;100.0;Daniel Steinberg;Paranoia Bar;Electronic;Tech House;2014;Arms & Legs;5974703
2018-04-16\Detroit Swindle - Just Not Norma (Original Mix).mp3;tags;Detroit Swindle;Just Not Norma (Original Mix);MATCH;100.0;Detroit Swindle;Just Not Norma;Electronic;House/Deep House;2017;Heist (2);10630125
2018-04-16\Enzo Elia, Musumeci - Gothic Safari (Original Mix).mp3;tags;Enzo Elia, Musumeci;Gothic Safari (Original Mix);NON;0.0;;;;;;;
2018-04-16\François Rengère - Equilibre (Original Mix).mp3;tags;Francois Rengere;Equilibre (Original Mix);MATCH;100.0;François Rengère;Equilibre;Electronic;Deep House;2014;Parquet Recordings;7598381
2018-04-16\Jain - Makeba (Original Mix).mp3;tags;Jain;Makeba (Original Mix);MATCH;100.0;Jain (3);Makeba;Electronic/Hip Hop/Funk / Soul/Folk, World, & Country;Neo Soul;2015;Sony Music;7634999
2018-04-16\Jaxx Madicine - Fly High (Original Mix).mp3;tags;Jaxx Madicine;Fly High (Original Mix);MATCH;100.0;Jaxx Madicine;Fly High;Electronic/Jazz;Deep House/House/Broken Beat/Nu-Disco/Future Jazz;2017;Local Talk;11146725
2018-04-16\Joachim Pastor - Taiga (N'to Remix).mp3;tags;Joachim Pastor;Taiga (N'to Remix);NON;0.0;;;;;;;
2018-04-16\Juliet Fox - 6AM (Acappella).mp3;tags;Juliet Fox;6AM (Acappella);MATCH;100.0;Juliet Fox;6AM (Acappella);Electronic;Minimal/Tech House;2017;Toolroom Trax;10830090
2018-04-16\Maceo Plex - Sparks Of Life (Original Mix).mp3;tags;Maceo Plex;Sparks Of Life (Original Mix);MATCH;100.0;Maceo Plex;Sparks Of Life;Electronic;Leftfield/Breaks/Electro/Techno;2017;Lone Romantic;10432422
2018-04-16\Maceo Plex - The Replicant V1 (Original Mix).mp3;tags;Maceo Plex;The Replicant V1 (Original Mix);MATCH;100.0;Maceo Plex;The Replicant V1;Electronic;Techno/Tech House;2016;Ellum Audio;9426557
2018-04-16\Michael Nielebock - Scream (Teenage Mutants Remix).mp3;tags;Michael Nielebock;Scream (Teenage Mutants Remix);NON;73.6;Michael Nielebock;Time Machine (Sis Remix);;;;;
2018-04-16\Mike Tohr, Steve Slight - Aruanda (Original Mix).mp3;tags;Steve Slight, Mike Tohr;Aruanda (Original Mix);NON;0.0;;;;;;;
2018-04-16\Minor Science - Volumes (Original Mix).mp3;tags;Minor Science;Volumes (Original Mix);MATCH;100.0;Minor Science;Volumes;Electronic/Hip Hop;Techno/Bass Music;2017;Whities;10818395
2018-04-16\Motu - Red Devil (Original Mix).mp3;tags;Motu;Red Devil (Original Mix);MATCH;100.0;Motu (3);Red Devil;Electronic;UK Garage;2017;RKS Dubz;11265618
2018-04-16\N'to - The Hound (Original Mix).mp3;tags;N'to;The Hound (Original Mix);MATCH;100.0;N'to;The Hound;Electronic;Progressive House;2017;Hungry Music;14268542
2018-04-16\Olivier Giacomotto - Bipolar Star (Animal Picnic & Aaryon Remix).mp3;tags;Olivier Giacomotto;Bipolar Star (Animal Picnic & Aaryon Remix);MATCH;100.0;Olivier Giacomotto;Bipolar Star (Animal Picnic & Aaryon Remix);Electronic;Techno/Tech House;2018;Noir Music;11664725
2018-04-16\PAWSA - The Groovy Cat (Extended Mix).mp3;tags;PAWSA;The Groovy Cat (Extended Mix);MATCH;100.0;PAWSA;The Groovy Cat;Electronic;House;2017;PAWZ;13579895
2018-04-16\PAWSA - Wet Paint (Original).mp3;tags;PAWSA;Wet Paint (Original);MATCH;100.0;PAWSA;Wet Paint;Electronic;Tech House;2018;Avotre;34083862
2018-04-16\Popof - Alone in the Dark (Original).mp3;tags;Popof;Alone in the Dark (Original);NON;0.0;;;;;;;
2018-04-16\Popof - Vaporizer (Original Mix).mp3;tags;Popof;Vaporizer (Original Mix);MATCH;100.0;Popof;Vaporizer;Electronic;Techno;2018;Truesoul;11882369
2018-04-16\Roland Clark - House Will Survive (Original Mix).mp3;tags;Roland Clark;House Will Survive (Original Mix);NON;0.0;;;;;;;
2018-04-16\Rødhåd - Unleash (Original Mix).mp3;tags;Rodhad;Unleash (Original Mix);NON;0.0;;;;;;;
2018-04-16\Sonic Future - Blind's Vision (Original Mix).mp3;tags;Sonic Future;Blind's Vision (Original Mix);NON;0.0;;;;;;;
2018-04-16\Special Request - Brainstorm (Original Mix).mp3;tags;Special Request;Brainstorm (Original Mix);MATCH;100.0;Special Request (4);Brainstorm;Electronic;Techno;2017;Houndstooth;10921608
2018-04-16\Teenage Mutants - Etoile (Original Mix).mp3;tags;Teenage Mutants;Etoile (Original Mix);NON;0.0;;;;;;;
2018-04-16\Tenebre - Axe Nord-Sud (Original Mix).mp3;tags;Tenebre;Axe Nord-Sud (Original Mix);MATCH;100.0;Ténèbre;Axe Nord-Sud;Electronic;Techno/Broken Beat/Breakbeat;2017;WNCL Recordings;11107673
2018-04-16\Tony Lionni - Woman (Original Mix).mp3;tags;Tony Lionni;Woman (Original Mix);NON;0.0;;;;;;;
2018-05-21 - Steyoyoke\MP3 320 2\01. JOBE - Lissome (Original Mix).mp3;tags;JOBE;Lissome (Original Mix);MATCH;100.0;Jobe (10);Lissome;Electronic;Deep House/Tech House/Progressive House;2018;Steyoyoke;14049990
2018-05-21 - Steyoyoke\MP3 320 2\02. Dahu - How Do They Know (Nick Devon Remix).mp3;tags;Dahu;How Do They Know (Nick Devon Remix);NON;0.0;;;;;;;
2018-05-21 - Steyoyoke\MP3 320 2\03. Pysh & Sincz - Kawalerskie (Original Mix).mp3;tags;Pysh & Sincz ;Kawalerskie (Original Mix);NON;0.0;;;;;;;
2018-05-21 - Steyoyoke\MP3 320 2\04. Nick Devon - The Poem feat. Miroir (Cid Inc Remix).mp3;tags;Nick Devon;The Poem feat. Miroir (Cid Inc Remix);MATCH;100.0;Nick Devon;The Poem;Electronic;Deep House/Progressive House;2015;Steyoyoke;15389973
2018-05-21 - Steyoyoke\MP3 320 2\05. Marcus Sur - Dead Panning (Original Mix).mp3;tags;Marcus Sur;Dead Panning (Original Mix);NON;0.0;;;;;;;
2018-05-21 - Steyoyoke\MP3 320 2\06. Dahu & Nick Devon - Worship (Original Mix).mp3;tags;Dahu & Nick Devon;Worship (Original Mix);NON;0.0;;;;;;;
2018-05-21 - Steyoyoke\MP3 320 2\07. Nick Devon - Symbiose (Original Mix).mp3;tags;Nick Devon;Symbiose (Original Mix);MATCH;100.0;Nick Devon;Symbiose (Original Mix);Electronic;Techno/Tech House/Deep House;2017;Steyoyoke;15649390
2018-05-21 - Steyoyoke\MP3 320 2\08. AntiAlias - Unseen (Original Mix).mp3;tags;AntiAlias;Emerald (Original Mix);NON;0.0;;;;;;;
2018-05-21 - Steyoyoke\MP3 320 2\11. BLANCAh - Learning To Fall (Petar Dundov Remix).mp3;tags;BLANCAh;Learning To Fall (Petar Dundov Remix);MATCH;100.0;BLANCAh;Learning To Fall (Petar Dundov Remix);Electronic;Deep House/Neo Trance/Tech House;2017;Steyoyoke;21373879
2018-05-21 - Steyoyoke\MP3 320 3\01. Binaryh - Algorithm (aacht Remix).mp3;tags;Binaryh;Algorithm (Aacht Remix);NON;0.0;;;;;;;
2018-05-21 - Steyoyoke\MP3 320 3\03. Nick Devon & Never Lost - Timelapse (Original Mix).mp3;tags;Nick Devon & Never Lost;Timelapse (Original Mix);NON;0.0;;;;;;;
2018-05-21 - Steyoyoke\MP3 320 3\04. Binaryh - Parallels (Original Mix).mp3;tags;Binaryh;Parallels (Original Mix);MATCH;100.0;Binaryh;Parallels;Electronic;Techno;2017;Steyoyoke Black;13892761
2018-05-21 - Steyoyoke\MP3 320 3\05. Nick Devon - Venus Landing (Original Mix).mp3;tags;Nick Devon;Venus Landing (Original Mix);NON;0.0;;;;;;;
2018-05-21 - Steyoyoke\MP3 320 3\06. Binaryh - One Digit (Extended Version).mp3;tags;Binaryh;One Digit (Extended Version);MATCH;100.0;Binaryh;One Digit;Electronic;Techno;2017;Steyoyoke Black;13892774
2018-05-21 - Steyoyoke\MP3 320 3\07. Altego - Everything Ends (Original Mix).mp3;tags;Altego;Everything Ends (Original Mix);NON;0.0;;;;;;;
2018-05-21 - Steyoyoke\MP3 320 3\08. Binaryh - Algorithm (Original Mix).mp3;tags;Binaryh;Algorithm (Original Mix);MATCH;100.0;Binaryh;Algorithm;Electronic;Techno;2017;Steyoyoke Black;13892761
2018-05-21 - Steyoyoke\MP3 320 3\09. Arude - Existentia (Original Mix).mp3;tags;Arude;Existentia (Original Mix);NON;0.0;;;;;;;
2018-05-21 - Steyoyoke\MP3 320 3\10. Never Lost - Minor (Original Mix).mp3;tags;Never Lost;Minor (Original Mix);NON;0.0;;;;;;;
2018-05-21 - Steyoyoke\MP3 320 3\11. Binaryh - Consilium (Extended Version).mp3;tags;Binaryh;Consilium (Extended Version);MATCH;100.0;Binaryh;Consilium;Electronic;Techno;2017;Steyoyoke Black;13892774
2018-05-21 - Steyoyoke\MP3 320 3\12. Nick Devon - Barren Land (Original Mix).mp3;tags;Nick Devon;Barren Land (Original Mix);NON;0.0;;;;;;;
2018-05-21 - Steyoyoke\MP3 320 3\13. Altego - Thousand Words (Original Mix).mp3;tags;Altego;Thousand Words (Original Mix);NON;0.0;;;;;;;
2018-05-21 - Steyoyoke\MP3 320 3\14. Mallone - The Holy Mountain (Original Mix).mp3;tags;Mallone;The Holy Mountain (Original Mix);MATCH;100.0;Mallone;The Holy Mountain;Electronic;Techno;2017;Steyoyoke Black;15686932
2018-05-21 - Steyoyoke\MP3 320 3\15. Arude - Pulsatio (Original Mix).mp3;tags;Arude;Pulsatio (Original Mix);NON;0.0;;;;;;;
2018-05-21 - Steyoyoke\MP3 320 3\16. Nick Devon - Vertical Horizon (Original Mix).mp3;tags;Nick Devon;Vertical Horizon (Original Mix);NON;0.0;;;;;;;
2018-05-21 - Steyoyoke\MP3 320 4\01. Graumann - Aden (Original Mix).mp3;tags;Graumann;Aden (Original Mix);NON;0.0;;;;;;;
2018-05-21 - Steyoyoke\MP3 320 4\02. Anton Dhouran - Like Gilles Said (Ben Bohmer Remix).mp3;tags;Anton Dhouran;Like Gilles Said (Ben Bohmer Remix);MATCH;98.2;Anton Dhouran;Like Gilles Said (Ben Bhomer Remix);Electronic;Deep House;2017;The Soundgarden;10744942
2018-05-21 - Steyoyoke\MP3 320 4\03. Sascha Sonido - The Next Level (Lexer Remix).mp3;tags;Sascha Sonido;The Next Level (Lexer Remix);NON;76.5;Sascha Sonido;The Curve (Khun Remix);;;;;
2018-05-21 - Steyoyoke\MP3 320 4\04. Mashk & Soul Button - Pensées (Original Mix).mp3;tags;Mashk & Soul Button;Pensées (Original Mix);NON;0.0;;;;;;;
2018-05-21 - Steyoyoke\MP3 320 4\05. Fake Mood - Paramatma (Original Mix).mp3;tags;Fake Mood ;Paramatma (Original Mix);MATCH;100.0;Fake Mood;Paramatma;Electronic;Progressive House/Deep House/Tech House;2017;Leveldva;14791677
2018-05-21 - Steyoyoke\MP3 320 4\06. Clawz SG - Constellations (Original Mix).mp3;tags;Clawz SG;Constellations (Original Mix);NON;0.0;;;;;;;
2018-05-21 - Steyoyoke\MP3 320 4\07. Hibrid - Flower The Black (Marcus Sur Remix).mp3;tags;Hibrid;Flower The Black (Marcus Sur Remix);NON;72.1;Hibrid (2);Ladder To My Dreams (Beat Maniacs Remix);;;;;
2018-05-21 - Steyoyoke\MP3 320 4\08. Fractal Architect & Dan Baber - Antikythera Mechanism (Original Mix).mp3;tags;Fractal Architect & Dan Baber ;Antikythera Mechanism (Original Mix);NON;0.0;;;;;;;
2018-05-21 - Steyoyoke\MP3 320 4\09. Anders. - Très Bien (Soul Button Remix).mp3;tags;Anders.;Très Bien (Soul Button Remix);NON;56.1;Anders Ilar;Treasure Gardens;;;;;
2018-05-21 - Steyoyoke\MP3 320 4\10. Soul Button - Swift Minds feat. Kara Square (Original Mix).mp3;tags;Soul Button;Swift Minds feat. Kara Square (Original Mix);MATCH;100.0;Soul Button;Swift Minds;Electronic;Deep House;2014;Steyoyoke;5940883
2018-05-21 - Steyoyoke\MP3 320 4\11. Soul Button - Demise feat. Terry Grant (Original Mix).mp3;tags;Soul Button;Demise feat. Terry Grant (Original Mix);MATCH;100.0;Soul Button;Demise;Electronic;Deep House/Progressive House;2015;Steyoyoke;9321760
2018-05-21 - Steyoyoke\MP3 320 4\12. Lumo. - Monte (Original Mix).mp3;tags;Lumo.;Monte (Original Mix);NON;0.0;;;;;;;
2018-05-21 - Steyoyoke\MP3 320 4\13. Clawz SG - Cosmic (Original Mix).mp3;tags;Clawz SG;Cosmic (Original Mix);NON;0.0;;;;;;;
2018-05-21 - Steyoyoke\MP3 320 4\14. Fractal Architect & Dan Baber - Forest (Rustboy Remix).mp3;tags;Fractal Architect & Dan Baber ;Forest (Rustboy Remix);NON;0.0;;;;;;;
2018-05-21 - Steyoyoke\MP3 320\01. Binaryh - Ventura (Original Mix).mp3;tags;Binaryh ;Ventura (Original Mix);NON;0.0;;;;;;;
2018-05-21 - Steyoyoke\MP3 320\02. Clawz SG - Phoenix (Original Mix).mp3;tags;Clawz SG;Phoenix (Original Mix);NON;0.0;;;;;;;
2018-05-21 - Steyoyoke\MP3 320\03. Mashk - Dichotomie (Original Mix).mp3;tags;Mashk;Dichotomie (Original Mix);MATCH;100.0;Mashk;Dichotomie;Electronic;Deep House/Progressive House;2018;Steyoyoke;14050069
2018-05-21 - Steyoyoke\MP3 320\04. Nick Devon - Everything Has A Beginning (Original Mix).mp3;tags;Nick Devon;Everything Has A Beginning (Original Mix);NON;0.0;;;;;;;
2018-05-21 - Steyoyoke\MP3 320\05. BLANCAh - Orvalho (Original Mix).mp3;tags;BLANCAh;Orvalho (Original Mix);NON;0.0;;;;;;;
2018-05-21 - Steyoyoke\MP3 320\06. Soul Button - Aura (Original Mix).mp3;tags;Soul Button;Aura (Original Mix);NON;0.0;;;;;;;
2018-05-21 - Steyoyoke\MP3 320\07. Nick Devon - Everything Has An End (Original Mix).mp3;tags;Nick Devon;Everything Has An End (Original Mix);NON;0.0;;;;;;;
2018-05-21 - Steyoyoke\MP3 320\08. Binaryh - Essencia (Original Mix).mp3;tags;Binaryh ;Binaryh ;NON;0.0;;;;;;;
2018-05-21 - Steyoyoke\MP3 320\09. Mashk - Watching The Stars (Original Mix).mp3;tags;Mashk;Watching The Stars (Original Mix);NON;0.0;;;;;;;
2018-05-21 - Steyoyoke\MP3 320\10. BLANCAh - Sword (Original Mix).mp3;tags;BLANCAh;Sword (Original Mix);NON;0.0;;;;;;;
2018-05-21 - Steyoyoke\MP3 320\11. Kris Davis - Hang Room (Original Mix).mp3;tags;Kris Davis;Hang Room (Original Mix;NON;0.0;;;;;;;
2018-05-21 - Steyoyoke\MP3 320\12. Arude - Dark Blue (Original Mix).mp3;tags;Arude;Dark Blue (Original Mix);NON;0.0;;;;;;;
2018-05-21 - Steyoyoke\MP3 320\13. JOBE - Antium (Original Mix).mp3;tags;JOBE;Antium (Original Mix);NON;0.0;;;;;;;
2018-05-21 - Steyoyoke\MP3 320\14. Soul Button & Nick Devon - Sage (Original Mix).mp3;tags;Soul Button & Nick Devon;Sage (Original Mix);NON;0.0;;;;;;;
2018-05-21 - Steyoyoke\MP3 320\15. Arude - Dark Blue (Soundtrack Version).mp3;tags;Arude;Dark Blue (Soundtrack Version);NON;0.0;;;;;;;
2018-05-21 - Steyoyoke\MP3 320\16. BLANCAh - Preludios de Uma Noite Sem Luz (Original Mix).mp3;tags;BLANCAh;Preludios de Uma Noite Sem Luz (Original Mix);NON;0.0;;;;;;;
2018-05-21 - Steyoyoke\SYYK072\01. Soul Button - Reverie (Original Mix).mp3;tags;Soul Button;Reverie (Original Mix);NON;0.0;;;;;;;
2018-05-21 - Steyoyoke\SYYK072\02. Soul Button - Indra (Original Mix).mp3;tags;Soul Button;Indra (Original Mix);NON;0.0;;;;;;;
2018-05-21 - Steyoyoke\SYYK072\03. Soul Button - Elysium (Original Mix).mp3;tags;Soul Button;Elysium (Original Mix);NON;0.0;;;;;;;
2018-05-21 - Steyoyoke\SYYK073\01. Subconscious - Andesite (Original Mix).mp3;tags;Subconscious;Andesite (Original Mix);MATCH;100.0;Subconscious (15);Andesite;Electronic;Progressive House;2018;Steyoyoke;15649418
2018-05-21 - Steyoyoke\SYYK073\02. Subconscious - Ad Infinitum (Original Mix).mp3;tags;Subconscious;Ad infinitum;MATCH;100.0;Subconscious (15);Ad Infinitum (Original Mix);Electronic;Progressive House;2018;Steyoyoke;15649418
2018-05-21 - Steyoyoke\SYYK074\03. Nick Devon - Symbiose (Clawz SG remix).mp3;tags;Nick Devon;Symbiose (Clawz SG Remix);NON;71.0;Nick Devon;Symbiose (Original Mix);;;;;
2018-05-21 - Steyoyoke\SYYK074\04. Clawz SG - Constellations (JOBE Remix).mp3;tags;Clawz SG;Constellations (JOBE Remix);NON;70.6;Clawz SG;Domuyo (Color Ray Remix);;;;;
2018-05-21 - Steyoyoke\SYYK078\01. Matchy, Lunar Plane - Brahman (Original Mix).mp3;tags;Matchy, Lunar Plane;Brahman (Original Mix);NON;0.0;;;;;;;
2018-05-21 - Steyoyoke\SYYK078\02. Strinner - Continuum (Original Mix).mp3;tags;Strinner;Continuum (Original Mix);NON;0.0;;;;;;;
2018-05-21 - Steyoyoke\SYYK078\03. Lost Soul - Landscapes (Original Mix).mp3;tags;Lost Soul;Landscapes (Original Mix);NON;0.0;;;;;;;
2018-05-21 - Steyoyoke\SYYK078\04. K.A.L.I.L. - Shori (Original Mix).mp3;tags;K.A.L.I.L.;Shori (Original Mix);NON;0.0;;;;;;;
2018-05-21 - Steyoyoke\SYYK079\01. Soul Button & Clawz SG - Implicit Bias (Original Mix).mp3;tags;Soul Button & Clawz SG;Implicit Bias (Original Mix);NON;0.0;;;;;;;
2018-05-21 - Steyoyoke\SYYK079\02. JOBE & Soul Button - Umar (Original Mix).mp3;tags;JOBE & Soul Button;Umar (Original Mix);NON;0.0;;;;;;;
2018-05-21 - Steyoyoke\SYYK079\03. Nick Devon & BLANCAh - Rasante (Extended Version).mp3;tags;Nick Devon & BLANCAh;Rasante (Extended Version);NON;0.0;;;;;;;
2018-05-21 - Steyoyoke\SYYK079\04. Clawz SG & BLANCAh - Ravens (Extended Version).mp3;tags;Clawz SG & BLANCAh;Ravens (Extended Version);NON;0.0;;;;;;;
2018-05-21 - Steyoyoke\SYYKBLK034\01. Arude & Binaryh - Chronology (Original Mix).mp3;tags;Arude & Binaryh;Chronology (Original Mix);NON;0.0;;;;;;;
2018-05-21 - Steyoyoke\SYYKBLK035\01. Altego - Thousand Words (Arude Remix).mp3;tags;Altego;Thousand Words (Arude Remix);NON;53.3;Altégo;Toxic Pony;;;;;
2018-05-21 - Steyoyoke\SYYKBLK035\02. Never Lost - Minor (Arude Remix).mp3;tags;Never Lost;Minor (Arude Remix);NON;64.7;Never Lost;Anti Diesel Force;;;;;
2018-05-21 - Steyoyoke\SYYKBLK036\01. Clawz SG & Nick Devon - Hypersonic (Original Mix).mp3;tags;Clawz SG & Nick Devon;Hypersonic (Original Mix);NON;0.0;;;;;;;
2018-05-21 - Steyoyoke\SYYKBLK036\02. Binaryh & Arude - Altiorem (Original Mix).mp3;tags;Binaryh & Arude;Altiorem (Original Mix);NON;0.0;;;;;;;
2018-05-21 - Steyoyoke\SYYKBLK036\03. Nick Devon & Clawz SG - Erebus (Original Mix).mp3;tags;Nick Devon & Clawz SG;Erebus (Original Mix);NON;0.0;;;;;;;
2018-05-21 - Steyoyoke\SYYKBLK036\04. Mallone & BLANCAh - Mardi Gras (Original Mix).mp3;tags;Mallone & BLANCAh ;Mardi Gras (Original Mix);NON;0.0;;;;;;;
2018-05-21 - Steyoyoke\SYYKBLK037\01. Nick Devon - Innerverse (Original Mix).mp3;tags;Nick Devon;Innerverse (Original Mix);NON;0.0;;;;;;;
2018-05-21 - Steyoyoke\SYYKBLK037\02. Nick Devon - Sithian (Original Mix).mp3;tags;Nick Devon;Sithian (Original Mix);NON;0.0;;;;;;;
2018-05-21 - Steyoyoke\SYYKBLK037\03. Nick Devon - Eternity (Original Mix).mp3;tags;Nick Devon;Eternity (Original Mix);NON;0.0;;;;;;;
2018-05-21 - Steyoyoke\SYYKBLK037\04. Nick Devon - Eternity (Acid Mix).mp3;tags;Nick Devon;Eternity (Acid Mix);NON;0.0;;;;;;;
2018-05-21 - Steyoyoke\SYYKET005\01. Modeplex - Pulsar (Original Mix).mp3;tags;Modeplex;Pulsar (Original Mix);NON;0.0;;;;;;;
2018-05-21 - Steyoyoke\SYYKET005\02. JOBE - Orcus (Soul Button Remix).mp3;tags;JOBE;Orcus (Soul Button Remix);MATCH;100.0;Jobe (10);Orcus (Soul Button Remix);Electronic;Deep House/Tech House/Progressive House;2018;Steyoyoke;14049990
2018-05-21 - Steyoyoke\SYYKET005\03. Clawz SG & Never Lost - Tenebris (Original Mix).mp3;tags;Clawz SG & Never Lost;Tenebris (Original Mix);NON;0.0;;;;;;;
2018-05-21 - Steyoyoke\SYYKET005\04. Sarcasmo - Epoca (Original Mix).mp3;tags;Sarcasmo;Epoca (Original Mix);NON;0.0;;;;;;;
2018-05-21 - Steyoyoke\SYYKET005\05. Justrice - Voyager (Original Mix).mp3;tags;Justrice;Voyager (Original Mix);NON;0.0;;;;;;;
2018-05-21 - Steyoyoke\SYYKET005\06. Soul Button - Indra (Nick Devon Remix).mp3;tags;Soul Button;Indra (Nick Devon Remix);NON;80.9;Soul Button;Tartribe (Nick Devon Remix);;;;;
2018-05-21 - Steyoyoke\SYYKET005\07. Simon Sizer - Aconit (Original Mix).mp3;tags;Simon Sizer;Aconit (Original Mix);MATCH;100.0;Simon Sizer;Aconit;Electronic;Techno/Deep House;2017;Steyoyoke;15686687
2018-05-21 - Steyoyoke\SYYKET005\09. Carlo Whale - 5st (Original Mix).mp3;tags;Carlo Whale;5st (Original Mix);NON;0.0;;;;;;;
2018-05-21 - Steyoyoke\SYYKET005\10. Erly Tepshi - Hard To Love (Steyoyoke Rework).mp3;tags;Erly Tepshi;Hard To Love (Steyoyoke Rework);NON;62.6;Erly Tepshi;Miss You (Alberth Version);;;;;
2018-05-21 - Steyoyoke\SYYKET005\11. Binaryh & Never Lost - Urania (Original Mix).mp3;tags;Binaryh & Never Lost;Urania (Original Mix);NON;0.0;;;;;;;
2018-05-21 - Steyoyoke\SYYKET005\12. Arude & Binaryh - Protocol (Original Mix).mp3;tags;Arude & Binaryh ;Protocol (Original Mix);NON;0.0;;;;;;;
2018-05-21 - Steyoyoke\SYYKET005\13. Kommodo - Aether (Original Mix).mp3;tags;Kommodo;Aether (Original Mix);NON;0.0;;;;;;;
2018-05-21 - Steyoyoke\SYYKET005\14. Ricardo Piedra - Lunasphere  (Original Mix).mp3;tags;Ricardo Piedra;Lunasphere  (Original Mix);NON;0.0;;;;;;;
2018-05-21 - Steyoyoke\SYYKET005\15. Nick Devon - Skyline (Mallone's City Lights Remix).mp3;tags;Nick Devon;Skyline (Mallone's City Lights Remix);NON;74.6;Nick Devon;Style (Jules & Moss Remix);;;;;
2018-05-23 - Christopher K\Limited Resource - Christopher Kah\01 In.mp3;tags;Christopher Kah;In;MATCH;100.0;Christopher Kah;In;Electronic;Ambient/Deep Techno/Techno;2018;Highwav Records;19327015
2018-05-23 - Christopher K\Limited Resource - Christopher Kah\02 Fury.mp3;tags;Christopher Kah;Fury;MATCH;100.0;Christopher Kah;Fury;Electronic;Ambient/Deep Techno/Techno;2018;Highwav Records;19327015
2018-05-23 - Christopher K\Limited Resource - Christopher Kah\03 Real Unreal.mp3;tags;Christopher Kah;Real Unreal;MATCH;100.0;Christopher Kah;Real Unreal;Electronic;Ambient/Deep Techno/Techno;2018;Highwav Records;19327015
2018-05-23 - Christopher K\Limited Resource - Christopher Kah\04 La Morsure.mp3;tags;Christopher Kah;La Morsure;MATCH;100.0;Christopher Kah;La Morsure;Electronic;Ambient/Deep Techno/Techno;2018;Highwav Records;19327015
2018-05-23 - Christopher K\Limited Resource - Christopher Kah\05 Night Track.mp3;tags;Christopher Kah;Night Track;MATCH;100.0;Christopher Kah;Night Track;Electronic;Ambient/Deep Techno/Techno;2018;Highwav Records;19327015
2018-05-23 - Christopher K\Limited Resource - Christopher Kah\06 Flush.mp3;tags;Christopher Kah;Flush;MATCH;100.0;Christopher Kah;Flush;Electronic;Ambient/Deep Techno/Techno;2018;Highwav Records;19327015
2018-05-23 - Christopher K\Limited Resource - Christopher Kah\07 The Escape Experience.mp3;tags;Christopher Kah;The Escape Experience;MATCH;100.0;Christopher Kah;The Escape Experience;Electronic;Ambient/Deep Techno/Techno;2018;Highwav Records;19327015
2018-05-23 - Christopher K\Limited Resource - Christopher Kah\08 Madness.mp3;tags;Christopher Kah;Madness;MATCH;100.0;Christopher Kah;Madness;Electronic;Ambient/Deep Techno/Techno;2018;Highwav Records;19327015
2018-05-23 - Christopher K\Limited Resource - Christopher Kah\09 Chasm.mp3;tags;Christopher Kah;Chasm;MATCH;100.0;Christopher Kah;Chasm;Electronic;Ambient/Deep Techno/Techno;2018;Highwav Records;19327015
2018-05-23 - Christopher K\Limited Resource - Christopher Kah\10 Ex.mp3;tags;Christopher Kah;Ex;MATCH;100.0;Christopher Kah;Ex;Electronic;Ambient/Deep Techno/Techno;2018;Highwav Records;19327015
2019-01-02\Hidden Empire Hummus_Original_Mix.mp3;tags;Hidden Empire;Hummus (Original Mix);MATCH;100.0;Hidden Empire;Hummus;Electronic;Techno/Tech House;2018;Stil Vor Talent;11775947
2019-01-02\Maceo Plex_Conjure_Dreams_Original_Mix.mp3;tags;Maceo Plex;Conjure Dreams (Original Mix);MATCH;100.0;Maceo Plex;Conjure Dreams;Electronic;Techno;2014;Drumcode;6415291
2019-01-02\Mark Reeve_Far_Away_Original_Mix.mp3;tags;Mark Reeve;Far Away (Original Mix);MATCH;100.0;Mark Reeve;Far Away;Electronic;Techno;2018;Drumcode;11882353
2019-01-02\Olivier Giacomotto_Bipolar_Star_Victor_Ruiz_Remix.mp3;tags;Olivier Giacomotto;Bipolar Star (Victor Ruiz Remix);MATCH;100.0;Olivier Giacomotto;Bipolar Star (Victor Ruiz Remix);Electronic;Techno/Tech House;2018;Noir Music;11664725
2019-01-02\Tibau_Melodia_Mollono_Bass_Remix.mp3;tags;Tibau;Melodia (Mollono.Bass Remix);NON;0.0;;;;;;;
2019-03-09\Adriatique - Ray (Original Mix).mp3;tags;Adriatique;Ray (Original Mix);MATCH;100.0;Adriatique;Ray;Electronic;Deep House;2018;Afterlife (6);11702675
2019-03-09\Adriatique - Space Knights (Original Mix).mp3;tags;Adriatique;Space Knights (Original Mix);NON;0.0;;;;;;;
2019-03-09\ASYS - The Acid (Original Version).mp3;tags;A*S*Y*S;The Acid (Original Version);NON;0.0;;;;;;;
2019-03-09\Boys Noize - Midnight (Boys Noize & Mr. Oizo Handbraekes Remix).mp3;tags;Boys Noize;Midnight (Boys Noize & Mr. Oizo Handbraekes Remix);MATCH;100.0;Boys Noize;Midnight (Boys Noize & Mr. Oizo Handbraekes Remix);Electronic;Techno;2016;Boysnoize Records;9194373
2019-03-09\Dino Lenny - Guilty Officer (Maceo Plex Remix).mp3;tags;Dino Lenny;Guilty Officer (Maceo Plex Remix);MATCH;100.0;Dino Lenny;Guilty Officer (Maceo Plex Remix);Electronic;Deep Techno/Techno;2018;Ellum Audio;13020577
2019-03-09\Gesaffelstein - Destinations (Original Mix).mp3;tags;Gesaffelstein;Destinations (Original Mix);MATCH;100.0;Gesaffelstein;Destinations;Electronic;Techno/Electro;2013;The Vinyl Factory;5042266
2019-03-09\Gesaffelstein - Opr (Original Mix).mp3;tags;Gesaffelstein;Opr (Original Mix);MATCH;100.0;Gesaffelstein;Opr;Electronic;Techno/Electro;2011;Turbo;2996303
2019-03-09\Gesaffelstein - Viol (Original Mix).mp3;tags;Gesaffelstein;Viol (Original Mix);MATCH;100.0;Gesaffelstein;Viol;Electronic;Techno/Electro;2011;Turbo;2996303
2019-03-09\Marco Faraone - Never Forget (Original Mix).mp3;tags;Marco Faraone;Never Forget (Original Mix);MATCH;100.0;Marco Faraone;Never Forget;Electronic;Techno;2018;Drumcode;12903013
2019-03-09\Marco Faraone - On My Way (Dub Acid Rework).mp3;tags;Marco Faraone;On My Way (Dub Acid Rework);MATCH;100.0;Marco Faraone;On My Way;Electronic;Techno/Acid House/Footwork;2018;REKIDS;12023035
2019-03-09\Marco Faraone - Stage Capture (Original Mix).mp3;tags;Marco Faraone;Stage Capture (Original Mix);MATCH;100.0;Marco Faraone;Stage Capture;Electronic;Techno/Acid/Tech House;2018;On Edge Society;11700703
2019-03-09\Marco Faraone - Take This Trip (Original Mix).mp3;tags;Marco Faraone;Take This Trip (Original Mix);MATCH;100.0;Marco Faraone;Take This Trip;Electronic;Techno;2018;Drumcode;12903013
2019-03-09\Nathan Fake - The Sky Was Pink (Icelandic Version).mp3;tags;Nathan Fake;The Sky Was Pink (Icelandic Version);MATCH;100.0;Nathan Fake;The Sky Was Pink (Icelandic Version);Electronic;Leftfield/Progressive House/IDM/Downtempo/Minimal;2004;Border Community;314449
2019-03-09\Popof - Bowo (Original Mix).mp3;tags;Popof;Bowo (Original Mix);MATCH;100.0;Popof;Bowo;Electronic;Techno/Tech House;2018;Form Music;12349728
2019-03-09\Popof - Confusion (Original).mp3;tags;Popof;Confusion (Original);NON;0.0;;;;;;;
2019-03-09\Teenage Mutants - Future (Original Mix).mp3;tags;Teenage Mutants;Future (Original Mix);MATCH;100.0;Teenage Mutants;Future;Electronic;Techno;2018;Set About;15347897
2019-03-23\Agoria - Boomerang (Original Mix).mp3;tags;Agoria;Boomerang (Original Mix);MATCH;100.0;Agoria;Boomerang;Electronic;Techno/Experimental;2017;sapiens;11208922
2019-03-23\Daniel Steinberg - No One Can Change Me (Nick Holder Remix).mp3;tags;Daniel Steinberg;No One Can Change Me (Nick Holder Remix);MATCH;100.0;Daniel Steinberg;No One Can Change Me (Nick Holder Remix);Electronic;Tech House/Deep House/House;2016;Arms & Legs;8298589
2019-03-23\Daniel Steinberg - Public Illusion (Original Mix).mp3;tags;Daniel Steinberg;Public Illusion (Original Mix);MATCH;100.0;Daniel Steinberg;Public Illusion;Electronic;House/Tech House;2018;Arms & Legs;29265898
2019-03-23\Dimmish - Brain Tornado (Original Mix).mp3;tags;Dimmish;Brain Tornado (Original Mix);MATCH;100.0;Dimmish;Brain Tornado;Electronic;Deep House;2019;e1even records;15586531
2019-03-23\Dirty Doering - Dagga (Original Mix).mp3;tags;Dirty Doering;Dagga (Original Mix);MATCH;100.0;Dirty Doering;Dagga;Electronic;Deep House;2018;Einmusika Recordings;13346524
2019-03-23\Dubfire, Oliver Huntemann - Terra (Joseph Capriati Remix).mp3;tags;Oliver Huntemann, Dubfire;Terra (Joseph Capriati Remix);MATCH;98.4;Dubfire & Oliver Huntemann;Terra (Joseph Capriati Remix);Electronic;Techno;2016;Senso Sounds;8758642
2019-03-23\Einmusik, Seth Schwarz - Eisheimer (Original Mix).mp3;tags;Einmusik, Seth Schwarz;Eisheimer (Original Mix);MATCH;100.0;Einmusik;Eisheimer;Electronic;Deep House/Progressive House;2018;Katermukke;12770493
2019-03-23\François Rengère - Greed (Original Mix).mp3;tags;Francois Rengere;Greed (Original Mix);MATCH;100.0;François Rengère;Greed;Electronic;Deep House;2014;Parquet Recordings;7598381
2019-03-23\Sebastien Leger - La Danse Du Scorpion (Julian Wassermann Remix).mp3;tags;Sebastien Leger;La Danse Du Scorpion (Julian Wassermann Remix);NON;68.8;Sébastien Léger;We Are (Jimmy Van De Velde Remix);;;;;
2019-03-23\Solee - Zebra (Original Mix).mp3;tags;Solee;Zebra (Original Mix);MATCH;100.0;Solee;Zebra;Electronic;Minimal/Tech House;2012;Parquet Recordings;3570485
2019-06-10\Kris_Petroleum_Original_Mix.mp3;tags;Kris Davis;Petroleum (Original Mix);NON;0.0;;;;;;;
2019-06-10\My Favorite Robot_Manifesto_Original_Mix.mp3;tags;My Favorite Robot;Manifesto (Original Mix);MATCH;100.0;My Favorite Robot;Manifesto;Electronic;Minimal Techno/Tech House;2015;My Favorite Robot Records;7183817
2019-06-10\Rob Hes_Ctrl_Original_Mix.mp3;tags;Rob Hes;Ctrl (Original Mix);NON;0.0;;;;;;;
2019-06-10\The_Future_Dance_Rigopolar_Remix.mp3;tags;Futuristant;The Future Dance (Rigopolar Remix);NON;0.0;;;;;;;
2019-06-10\Work_It_Soulwax_Remix.mp3;tags;Marie Davidson;Work It (Soulwax Remix);MATCH;100.0;Marie Davidson;Work It (Soulwax Remix);Electronic;Synth-pop/Electro;2019;Ninja Tune;13461320
2019-12-06 - Yannick\Braunbeck, Hazel (DE) - Sole (Original Mix).wav;nom de fichier;Braunbeck, Hazel (DE);Sole (Original Mix);NON;0.0;;;;;;;
2019-12-06 - Yannick\Destination_Reached_Konvex_the_Shadow_Edit_.mp3;tags;Konvex & The Shadow;Destination Reached (Konvex & the Shadow Edit);NON;66.7;Konvex & The Shadow;Shining Like Haloes (The Drifter Remix);;;;;
2019-12-06 - Yannick\Innellea - The World Returns (Original Mix).wav;nom de fichier;Innellea;The World Returns (Original Mix);MATCH;100.0;Innellea;The World Returns;Electronic;Neo Trance;2019;Afterlife (6);14548376
2019-12-06 - Yannick\Innellea - Visionquest (Original Mix).wav;nom de fichier;Innellea;Visionquest (Original Mix);MATCH;100.0;Innellea;Visionquest;Electronic;Neo Trance;2019;Afterlife (6);14548376
2019-12-06 - Yannick\Innellea - We Thrive (Original Mix).wav;nom de fichier;Innellea;We Thrive (Original Mix);MATCH;100.0;Innellea;We Thrive;Electronic;Neo Trance;2019;Afterlife (6);14548376
2019-12-06 - Yannick\Polo & Pan - Gengis (Original Mix).wav;nom de fichier;Polo & Pan;Gengis (Original Mix);MATCH;100.0;Polo & Pan;Gengis;Electronic;Downtempo/Nu-Disco;2019;Universal Music Distribution Deal;14103069
2019-12-06 - Yannick\Superorganism - Everybody Wants To Be Famous (Polo & Pan Remix).wav;nom de fichier;Superorganism;Everybody Wants To Be Famous (Polo & Pan Remix);MATCH;86.0;Superorganism;Everybody Wants To Be Famous;Electronic/Pop;Indie Pop;2018;Domino;11632351
2020-07-06\ASA MOTO - Make Me Prada (Original Mix).mp3;tags;ASA MOTO;Make Me Prada (Original Mix);MATCH;100.0;Asa Moto;Make Me Prada;Electronic;Tech House;2017;Deewee;10312522
2020-07-06\Beije - Amor (Original Mix).mp3;tags;Beije;Amor (Original Mix);NON;0.0;;;;;;;
2020-07-06\Claap! - Merci (Original Mix).mp3;tags;Claap!;Merci (Original Mix);NON;0.0;;;;;;;
2020-07-06\Corine - Pluie Fine (Polo & Pan Remix).mp3;tags;Corine;Pluie Fine (Polo & Pan Remix);MATCH;100.0;Corine (5);Pluie Fine (Polo & Pan Remix);Electronic;House;2017;Kwaidan Records;10340365
2020-07-06\DJ Mehdi - Signatune (Thomas Bangalter Edit).mp3;tags;DJ Mehdi;Signatune (Thomas Bangalter Edit);MATCH;100.0;DJ Mehdi;Signatune (Thomas Bangalter Edit);Electronic;Techno/Electro;2007;Because Music;926894
2020-07-06\DJ Mehdi, Orchestre Lamoureux - Tragicomehdi - Signatune (Orchestral Version) (Original Mix).mp3;tags;DJ Mehdi, Orchestre Lamoureux;Tragicomehdi / Signatune (Orchestral Version) (Original Mix);MATCH;88.0;Orchestre Des Concerts Lamoureux;TragicoMehdi / Signatune (Orchestral Version);Classical;Classical/Contemporary/Modern;2018;Ed Banger Records;12835215
2020-07-06\Discotron - Disco Ballin' (Original Mix).mp3;tags;Discotron;Disco Ballin' (Original Mix);MATCH;100.0;Discotron (3);Disco Ballin';Electronic;Nu-Disco;2015;Tasty Recordings;9824838
2020-07-06\Discotron - Disco's Symphony (Original Mix).mp3;tags;Discotron;Disco's Symphony (Original Mix);MATCH;100.0;Discotron (3);Disco's Symphony;Electronic;Disco/Nu-Disco;2018;Tasty Recordings;12749455
2020-07-06\Discotron - Gettin' High Tonight (Original Mix).mp3;tags;Discotron;Gettin' High Tonight (Original Mix);NON;0.0;;;;;;;
2020-07-06\Discotron - La Muzique (Original Mix).mp3;tags;Discotron;La Muzique (Original Mix);NON;0.0;;;;;;;
2020-07-06\Discotron - Slicker Than Your Average (Original Mix).mp3;tags;Discotron;Slicker Than Your Average (Original Mix);NON;0.0;;;;;;;
2020-07-06\Discotron - Thought I Was A DJ (Original Mix).mp3;tags;Discotron;Thought I Was A DJ (Original Mix);NON;0.0;;;;;;;
2020-07-06\Discotron, HP Vince - Street Life (Original Mix).mp3;tags;HP Vince, Discotron;Street Life (Original Mix);NON;0.0;;;;;;;
2020-07-06\Dombrance - Poutou (Bon entendeur Remix).mp3;tags;Dombrance;Poutou (Bon entendeur Remix);MATCH;100.0;Dombrance;Poutou (Bon Entendeur Remix);Electronic;Electro/Disco/House;2020;E47 Records;15980125
2020-07-06\Fameache - Hentai (Original Mix).mp3;tags;Fameache;Hentai (Original Mix);MATCH;100.0;Fameache;Hentai;Electronic;House/Techno/Downtempo;2020;Moon Magic Records;30080815
2020-07-06\Jerge, You Man - EVERYBODY (Club Edit).mp3;tags;You Man, Jerge;EVERYBODY (Club Edit);NON;0.0;;;;;;;
2020-07-06\Joy Tyson, Zigan Aldi - Hella feat. Joy Tyson (Original Mix).mp3;tags;Zigan Aldi, Joy Tyson;Hella feat. Joy Tyson (Original Mix);NON;0.0;;;;;;;
2020-07-06\Kasper Bjorke - Heaven (Nicolas Jaar Remix).mp3;tags;Kasper Bjorke;Heaven (Nicolas Jaar Remix);MATCH;96.9;Kasper Bjørke;Heaven (Nicolas Jaar Remix);Electronic;House/Synth-pop;2010;HFN Music;2386637
2020-07-06\Kermesse - El Grito (Original Mix).mp3;tags;Kermesse;El Grito (Original Mix);NON;0.0;;;;;;;
2020-07-06\Kim Hiorthoy - Forskjellige Gode Ting (Original Mix).mp3;tags;Kim Hiorthoy;Forskjellige Gode Ting (Original Mix);MATCH;96.7;Kim Hiorthøy;Forskjellige Gode Ting;Electronic;IDM/Downtempo;2000;Smalltown Supersound;23321
2020-07-06\La Bien Querida, Vitalic - Tu Conmigo (Original Mix).mp3;tags;Vitalic, La Bien Querida;Tu Conmigo (Original Mix);NON;0.0;;;;;;;
2020-07-06\Lost Desert, Sidartha Siliceo, Simon Vuarambon - Firedance featuring Sidartha Siliceo (M.O.S. Remix).mp3;tags;Sidartha Siliceo, Simon Vuarambon, Lost Desert;Firedance featuring Sidartha Siliceo (M.O.S. Remix);NON;0.0;;;;;;;
2020-07-06\M.O.S. - La Sonnette (Extended Mix).mp3;tags;M.O.S.;La Sonnette (Extended Mix);NON;0.0;;;;;;;
2020-07-06\MASCO - Synarchy (Original Mix).mp3;tags;MASCO;Synarchy (Original Mix);NON;0.0;;;;;;;
2020-07-06\Maceo Plex - Gravy Train (Nicolas Jaar Remix).mp3;tags;Maceo Plex;Gravy Train (Nicolas Jaar Remix);NON;0.0;;;;;;;
2020-07-06\Made In TLV, Mano Negra - Sueno De Solentiname (Rampa Version).mp3;tags;Made In TLV, Mano Negra;Sueno De Solentiname (Rampa Version);NON;0.0;;;;;;;
2020-07-06\Marco Tegui - Cordillera (Original Mix).mp3;tags;Marco Tegui;Cordillera (Original Mix);MATCH;100.0;Marco Tegui;Cordillera;Electronic;House/Downtempo;2020;BAR25;24884078
2020-07-06\Mark Alow - White Tusk (Original).mp3;tags;Mark Alow;White Tusk (Original);MATCH;100.0;Mark Alow;White Tusk;Electronic;Deep House/Minimal;2018;Sol Selectas;11734359
2020-07-06\Miyagi - Sadie Adler (Original Mix).mp3;tags;Miyagi;Sadie Adler (Original Mix);NON;0.0;;;;;;;
2020-07-06\Mollono.Bass - The Story Of The Sad Clown (Original Mix).mp3;tags;Mollono.Bass;The Story Of The Sad Clown (Original Mix);MATCH;100.0;Mollono.Bass;The Story Of The Sad Clown;Electronic;Deep House/Tech House;2020;3000°;15539518
2020-07-06\Namito - Stone Flower (Original).mp3;tags;Namito;Stone Flower (Original);MATCH;100.0;Namito;Stone Flower;Electronic;Tech House;2019;Sol Selectas;13689503
2020-07-06\Niko Schwind, Oliver Koletzki - Agitation (Original Mix).mp3;tags;Oliver Koletzki, Niko Schwind;Agitation (Original Mix);NON;0.0;;;;;;;
2020-07-06\Polo & Pan - Pili Pili (Original Mix).mp3;tags;Polo & Pan;Pili Pili (Original Mix);MATCH;100.0;Polo & Pan;Pili Pili;Electronic;Nu-Disco;2020;Ekler'O'ShocK;15918848
2020-07-06\Roisto - Fool (Extended Mix).mp3;tags;Roisto;Fool (Extended Mix);MATCH;100.0;Roisto;Fool (Extended Mix);Electronic;Nu-Disco;2017;It's Great!;15667044
2020-07-06\Sam Shure - Louna (Original Mix).mp3;tags;Sam Shure;Louna (Original Mix);MATCH;100.0;Sam Shure;Louna;Electronic;Deep House/Deep Techno;2019;Stil Vor Talent;14233606
2020-07-06\Talamanca System - Conga Cage (Original Mix).mp3;tags;Talamanca System;Conga Cage (Original Mix);MATCH;100.0;Talamanca System;Conga Cage;Electronic;House/Nu-Disco/Deep House;2017;International Feel Recordings;10316473
2020-07-06\The Sponges - Feelin' Alright (Original Mix).mp3;tags;The Sponges;Feelin' Alright (Original Mix);NON;0.0;;;;;;;
2020-07-06\Weval - The Most (Original Mix).mp3;tags;Weval;The Most (Original Mix);MATCH;100.0;Weval;The Most;Electronic;Synth-pop/Ambient/Minimal;2013;Atomnation;5607972
2020-07-06\Yamil - Hedia (Original Mix).mp3;tags;Yamil;Hedia (Original Mix);NON;0.0;;;;;;;
2020-07-06\You Man - Abandonare (Original Mix).mp3;tags;You Man;Abandonare (Original Mix);NON;0.0;;;;;;;
2020-07-06\You Man - Tranquilo (Original Mix).mp3;tags;You Man;Tranquilo (Original Mix);NON;0.0;;;;;;;
2020-07-06\You Man - Tutti Va Bene (Original Mix).mp3;tags;You Man;Tutti Va Bene (Original Mix);NON;0.0;;;;;;;
2020-07-06\Zuma Dionys - Sunseeker (Original Mix).mp3;tags;Zuma Dionys;Sunseeker (Original Mix);NON;0.0;;;;;;;
2020-07-06\okuma - Shalu (Original Mix).mp3;tags;okuma;Shalu (Original Mix);NON;0.0;;;;;;;
2020-08-25\Air - La femme d'argent (Original Mix).mp3;tags;Air;La femme d'argent (Original Mix);MATCH;100.0;AIR;La Femme D'Argent;Electronic/Pop;Downtempo/Dream Pop/Psychedelic Rock/Synth-pop;1998;Source;41970
2020-08-25\Anita Blay, High Contrast, Kae Tempest - Time Is Hardcore (Original Mix).mp3;tags;High Contrast, Kae Tempest, Anita Blay;Time Is Hardcore (Original Mix);MATCH;100.0;High Contrast;Time Is Hardcore;Electronic;Drum n Bass;2020;3Beat;15901031
2020-08-25\Black Sun Empire, Pythius - Kepler (Original Mix).mp3;tags;Black Sun Empire, Pythius;Kepler (Original Mix);NON;0.0;;;;;;;
2020-08-25\Blaine Stranger - Dragon (Original Mix).mp3;tags;Blaine Stranger;Dragon (Original Mix);MATCH;100.0;Blaine Stranger;Dragon;Electronic;Drum n Bass;2020;Viper Recordings;15764545
2020-08-25\Chase & Status - No Problem (Original Mix).mp3;tags;Chase & Status;No Problem (Original Mix);MATCH;100.0;Chase & Status;No Problem;Electronic;Drum n Bass/Dubstep;2011;RAM Records;2674881
2020-08-25\Chase & Status, General Levy - Heater (Original Mix).mp3;tags;General Levy, Chase & Status;Heater (Original Mix);NON;0.0;;;;;;;
2020-08-25\Chase & Status, Irah - Program (Dean Street Version).mp3;tags;Chase & Status, Irah;Program (Dean Street Version);MATCH;100.0;Chase & Status;Program (Dean Street Version);Electronic/Reggae;Dancehall/Drum n Bass/Jungle;2019;Virgin EMI Records;14124840
2020-08-25\Chase & Status, Irah - Program (Original Mix).mp3;tags;Chase & Status, Irah;Program (Original Mix);NON;0.0;;;;;;;
2020-08-25\Culture Shock - Bunker (Original Mix).mp3;tags;Culture Shock;Bunker (Original Mix);MATCH;100.0;Culture Shock (2);Bunker;Electronic;Drum n Bass;2017;RAM Records;11213368
2020-08-25\DJ Fresh, Shy FX - Gold Dust feat. SHY FX (SHY FX Re-Edit).mp3;tags;DJ Fresh, Shy FX;Gold Dust feat. SHY FX (SHY FX Re-Edit);MATCH;100.0;Fresh;Gold Dust;Electronic;Drum n Bass;2008;Breakbeat Kaos;1397056
2020-08-25\Deekline, Ivory, Killa P, Specimen A - Mosh Pit (Original Mix).mp3;tags;Deekline, Ivory, Specimen A, Killa P;Mosh Pit (Original Mix);NON;0.0;;;;;;;
2020-08-25\Dillinja - Hard Noize (Break Remix).mp3;tags;Dillinja;Hard Noize (Break Remix);MATCH;100.0;Dillinja;Hard Noize (Break Remix);Electronic;Drum n Bass;2020;Valve Recordings;15387608
2020-08-25\Dimension - If You Want To (Original Mix).mp3;tags;Dimension;If You Want To (Original Mix);MATCH;100.0;Dimension (12);If You Want To;Electronic;Drum n Bass;2019;Dimension (15);13994024
2020-08-25\Document One - Holy Moly (Original Mix).mp3;tags;Document One;Holy Moly (Original Mix);MATCH;100.0;Document One;Holy Moly;Electronic;Drum n Bass;2019;Shogun Audio;13902644
2020-08-25\Document One - Run The Block (Original Mix).mp3;tags;Document One;Run The Block (Original Mix);MATCH;100.0;Document One;Run The Block;Electronic;Drum n Bass;2016;Technique Recordings;12989657
2020-08-25\Ed Rush & Optical - Bacteria (Pendulum Remix).mp3;tags;Ed Rush & Optical;Bacteria (Pendulum Remix);MATCH;100.0;Ed Rush & Optical;Bacteria (Pendulum Remix);Electronic;Drum n Bass;2004;Virus Recordings;347167
2020-08-25\Ed Rush & Optical - Chubrub (Original Mix).mp3;tags;Ed Rush & Optical;Chubrub (Original Mix);MATCH;100.0;Ed Rush & Optical;Chubrub;Electronic;Drum n Bass;2009;Virus Recordings;1720859
2020-08-25\Krust - Warhead (Original Mix).mp3;tags;Krust;Warhead (Original Mix);MATCH;100.0;Krust;Warhead;Electronic;Drum n Bass;2007;V-Cycle;1109452
2020-08-25\Metrik - Hackers (Original Mix).mp3;tags;Metrik;Hackers (Original Mix);MATCH;100.0;Metrik (2);Hackers;Electronic;Drum n Bass;2019;Hospital Records;13568252
2020-08-25\Moon Rocket - Intro (Original Mix).mp3;tags;Moon Rocket;Intro (Original Mix);NON;0.0;;;;;;;
2020-08-25\Noisia - Brainstitch (Original Mix).mp3;tags;Noisia;Brainstitch (Original Mix);MATCH;100.0;Noisia;Brainstitch;Electronic;Drum n Bass;2005;Shogun Audio;538080
2020-08-25\Noisia, The Upbeats - Dead Limit (Original Mix).mp3;tags;Noisia, The Upbeats;Dead Limit (Original Mix);MATCH;100.0;Noisia;Dead Limit;Electronic;Drum n Bass;2015;Vision Recordings;7412957
2020-08-25\Pendulum - Blood Sugar (Original Mix).mp3;tags;Pendulum;Blood Sugar (Original Mix);MATCH;100.0;Pendulum (3);Blood Sugar;Electronic;Drum n Bass;2007;Breakbeat Kaos;991203
2020-08-25\Purple Disco Machine - Yo (Original Mix).mp3;tags;Purple Disco Machine;Yo (Original Mix);MATCH;100.0;Purple Disco Machine;Yo;Electronic;Deep House;2015;Kittball Records;11133061
2020-08-25\Replicant - Saigon (Original Mix).mp3;tags;Replicant;Saigon (Original Mix);MATCH;100.0;Replicant (9);Saigon;Electronic;Drum n Bass;2020;Organized Grime;15792975
2020-08-25\Serial Killaz - Start The Killing (Original Mix).mp3;tags;Serial Killaz;Start The Killing (Original Mix);MATCH;100.0;Serial Killaz (2);Start The Killing;Electronic;Drum n Bass;2018;Souped Up Records;11482813
2020-08-25\Serial Killaz - Walk and Skank (Original Mix).mp3;tags;Serial Killaz;Walk and Skank (Original Mix);NON;0.0;;;;;;;
2020-08-25\Simula - Don't Leave Me (Original Mix).mp3;tags;Simula;Don't Leave Me (Original Mix);NON;0.0;;;;;;;
2020-08-25\Smoove - Showtime Intro (Original Mix).mp3;tags;Smoove;Showtime Intro (Original Mix);NON;0.0;;;;;;;
2020-08-25\Sub Focus - Solar System (Original Mix).mp3;tags;Sub Focus;Solar System (Original Mix);MATCH;100.0;Sub Focus;Solar System;Electronic;Drum n Bass;2019;Virgin EMI Records;13923579
2020-08-25\Sub Focus - Timewarp VIP (Original Mix).mp3;tags;Sub Focus;Timewarp VIP (Original Mix);MATCH;100.0;Sub Focus;Timewarp VIP;Electronic;Drum n Bass;2010;RAM Records;2262260
2020-08-25\Sub Focus - X-Ray (Metrik Remix).mp3;tags;Sub Focus;X-Ray (Metrik Remix);MATCH;100.0;Sub Focus;X-Ray (Metrik Remix);Electronic;Drum n Bass;2021;RAM Records;19681660
2020-08-25\The Prototypes - Pale Blue Dot (Original Mix).mp3;tags;The Prototypes;Pale Blue Dot (Original Mix);MATCH;100.0;The Prototypes;Pale Blue Dot;Electronic;Drum n Bass;2014;Viper Recordings;6182229
2021-02-09\David_August_-_Epikur_(Original_Mix).mp3;tags;David August;Epikur (Original Mix);MATCH;100.0;David August;Epikur;Electronic;Deep House;2014;Innervisions;5513158
2021-02-09\Dirty_Doering_-_Casino_Aquatique_(Original_Mix).mp3;tags;Dirty Doering;Casino Aquatique (Original Mix);MATCH;100.0;Dirty Doering;Casino Aquatique;Electronic;Tech House;2011;Katermukke;3551420
2021-02-09\Dusty_Kid_-_Tsunamy_(Original_Mix).mp3;tags;Dusty Kid;Tsunamy (Original Mix);MATCH;100.0;Dusty Kid;Tsunamy;Electronic;Electro/Tech House;2007;Systematic (3);967609
2021-02-09\Eggo_-_Horizon_(Original_Mix).mp3;tags;Eggo;Horizon (Original Mix);MATCH;100.0;Eggo;Horizon;Electronic;Techno/Deep House;2012;Timid Records;3352149
2021-02-09\Else_-_Paris_(Original_Mix).mp3;tags;Else;Paris (Original Mix);NON;0.0;;;;;;;
2021-02-09\Fatnotronic,_Yuksek_-_Bateu_(Original_Mix).mp3;tags;Fatnotronic, Yuksek;Bateu (Original Mix);MATCH;100.0;Yuksek;Bateu;Electronic;House/Downtempo/Electro;2017;Partyfine;11012793
2021-02-09\Gesaffelstein_-_Pursuit_(Original_Mix).mp3;tags;Gesaffelstein;Pursuit (Original Mix);MATCH;100.0;Gesaffelstein;Pursuit;Electronic;Electro;2013;EMI Music France;4664056
2021-02-09\Giorgos_Gatzigristos,_Paul_Hazendonk_-_Adorno_(Original_Mix).mp3;tags;Giorgos Gatzigristos, Paul Hazendonk;Adorno (Original Mix);MATCH;100.0;Paul Hazendonk;Adorno;Electronic;Progressive House/Techno;2014;Manual Music;13626235
2021-02-09\Gui_Boratto_-_Beksy_s_(Original_Mix).mp3;tags;Gui Boratto;Beksy's (Original Mix);MATCH;100.0;Gui Boratto;Beksy’s;Electronic;House/Techno;2020;Kompakt;16066625
2021-02-09\Gui_Boratto_-_Flying_Practice_(Original_Mix).mp3;tags;Gui Boratto;Flying Practice (Original Mix);MATCH;100.0;Gui Boratto;Flying Practice;Electronic;Minimal/Tech House/Ambient;2011;Kompakt;3129650
2021-02-09\HVOB_-_Azrael_(Original_Mix).mp3;tags;HVOB;Azrael (Original Mix);MATCH;100.0;Hvob;Azrael;Electronic;Deep House/Minimal;2015;Stil Vor Talent;6884999
2021-02-09\Henry_Saiz_-_Lucero_Del_Alba_(Kris_Davis_Remix).mp3;tags;Henry Saiz;Lucero Del Alba (Kris Davis Remix);MATCH;100.0;Henry Saiz;Lucero Del Alba (Kris Davis Remix);Electronic;Progressive House/Tech House/Techno;2016;Suara;9448704
2021-02-09\Ian_O_Donovan_-_Forever_Untold_(Satoshi_Fumi_Remix).mp3;tags;Ian O'Donovan;Forever Untold (Satoshi Fumi Remix);MATCH;100.0;Ian O'Donovan;Forever Untold (Satoshi Fumi Remix);Electronic;Progressive House/House/Breaks/Tech House;2012;Perspectives Digital;3471319
2021-02-09\Indieveed_-_Bliss_(Original_Mix).mp3;tags;Indieveed;Bliss (Original Mix);NON;0.0;;;;;;;
2021-02-09\Irene_Dresel_-_Icone_(Original_Mix).mp3;tags;Irene Dresel;Icone (Original Mix);MATCH;100.0;Irene Dresel;Icone;Electronic;Minimal;2019;Room Records (5);13425508
2021-02-09\Irene_Dresel_-_STUPRE_(Original_Mix).mp3;tags;Irene Dresel;STUPRE (Original Mix);MATCH;100.0;Irene Dresel;Stupre;Electronic;Techno;2020;Room Records (5);18994594
2021-02-09\Jacques_-_Tout_est_magnifique_(Original_Mix).mp3;tags;Jacques;Tout est magnifique (Original Mix);MATCH;100.0;Jacques (16);Tout Est Magnifique;Electronic;Techno;2015;Pain Surprises Records;6791083
2021-02-09\Johni,_Legamen_-_Siberian_Expanses_(Original_Mix).mp3;tags;Johni, Legamen;Siberian Expanses (Original Mix);NON;0.0;;;;;;;
2021-02-09\Karol_XVII___MB_Valence_-_The_Gap_(Original_Mix).mp3;tags;Karol XVII & MB Valence;The Gap (Original Mix);MATCH;100.0;Karol XVII & MB Valence;The Gap;Electronic;Deep House/Tech House;2015;Sunset Handjob;6976075
2021-02-09\Logiztik_Sounds_-_Keep_Looking_(Original_Mix).mp3;tags;Logiztik Sounds;Keep Looking (Original Mix);MATCH;100.0;Logiztik Sounds;Keep Looking;Electronic;Techno;2013;Manual Music;12386351
2021-02-09\Mano_Le_Tough_-_Big_Words_From_The_Small_Mouth_(Original_Mix).mp3;tags;Mano Le Tough;Big Words From The Small Mouth (Original Mix);MATCH;100.0;Mano Le Tough;Big Words From The Small Mouth;Electronic;Minimal Techno;2017;Maeve;10279319
2021-02-09\Mr_Oizo_-_Positif_(Original_Mix).mp3;tags;Mr Oizo;Positif (Original Mix);MATCH;100.0;Mr. Oizo;Positif;Electronic;Electro/Experimental/Electro House;2008;Ed Banger Records;1534652
2021-02-09\Onur_Ozman_-_Dadaist_(Night_Talk_Remix).mp3;tags;Onur Ozman;Dadaist (Night Talk Remix);NON;0.0;;;;;;;
2021-02-09\Pan-Pot_-_Fugitives_(Joseph_Capriati_Remix).mp3;tags;Pan-Pot;Fugitives (Joseph Capriati Remix);MATCH;100.0;Pan-Pot;Fugitives (Joseph Capriati Remix);Electronic;Techno/Tech House;2015;Second State;7826487
2021-02-09\Pan-Pot_-_Sleepless_(Stephan_Bodzin_Remix).mp3;tags;Pan-Pot;Sleepless (Stephan Bodzin Remix);MATCH;100.0;Pan-Pot;Sleepless (Stephan Bodzin Remix);Electronic;Techno/Tech House;2015;Second State;7826487
2021-02-09\Patrik_Berg_-_Running_Numbers_(Original_Mix).mp3;tags;Patrik Berg;Running Numbers (Original Mix);MATCH;100.0;Patrik Berg;Running Numbers;Electronic;Techno;2017;Filth On Acid;13785490
2021-02-09\Polo___Pan_-_Kirghiz_(Original_Mix).mp3;tags;Polo & Pan;Kirghiz (Original Mix);MATCH;100.0;Polo & Pan;Kirghiz;Electronic/Pop;Tropical House/Synth-pop;2017;Hamburger Records;10355741
2021-02-09\Polo___Pan_-_Mexicali_(Simple_Symmetry_Remix).mp3;tags;Polo & Pan;Mexicali (Simple Symmetry Remix);MATCH;100.0;Polo & Pan;Mexicali (Simple Symmetry Remix);Electronic;Disco/Electro House/House/Tech House;2018;Ekler'O'ShocK;13104824
2021-02-09\Rodriguez_Jr._-_Lila_(Original_Mix).mp3;tags;Rodriguez Jr.;Lila (Original Mix);MATCH;100.0;Rodriguez Jr.;Lila;Electronic;Electro/Deep House/Tech House;2008;Boxer Recordings;1389922
2021-02-09\Sigward_-_Playa_Mujeres_(Mononoid_Remix).mp3;tags;Sigward;Playa Mujeres (Mononoid Remix);MATCH;100.0;Sigward;Playa Mujeres (Mononoid Remix);Electronic;Tech House;2013;Klopfgeist;22912505
2021-02-09\Stephan_Bodzin_-_Singularity_(Original_Mix).mp3;tags;Stephan Bodzin;Singularity (Original Mix);MATCH;100.0;Stephan Bodzin;Singularity;Electronic;Techno/Tech House;2015;Herzblut Recordings;6906797
2021-02-09\Superpoze_-_Time_Travel_(Original_Mix).mp3;tags;Superpoze;Time Travel (Original Mix);MATCH;100.0;Superpoze;Time Travel;Electronic;IDM/Ambient/Downtempo;2015;Combien Mille Records;6881180
2021-02-09\The_Toxic_Avenger,_Greg_Kozo_-_A1_(Original_Mix).mp3;tags;The Toxic Avenger, Greg Kozo;A1 (Original Mix);NON;0.0;;;;;;;
2021-02-09\The_Toxic_Avenger,_Greg_Kozo_-_B1_(Original_Mix).mp3;tags;The Toxic Avenger, Greg Kozo;B1 (Original Mix);NON;0.0;;;;;;;
2021-02-09\Thylacine_-_Moskva_(Original_Mix).mp3;tags;Thylacine;Moskva (Original Mix);MATCH;100.0;Thylacine (4);Moskva;Electronic;IDM/Ambient/Electro/Deep House;2015;Intuitive Records (2);7780434
2021-02-09\Timmo_-_With_You_(Original_Mix).mp3;tags;Timmo;With You (Original Mix);NON;0.0;;;;;;;
2021-02-09\Township_Rebellion_-_Dolores_(Original_Mix).mp3;tags;Township Rebellion;Dolores (Original Mix);NON;0.0;;;;;;;
2021-02-09\Victor_Deme,_Synapson_-_Djon_maya_maï_(Original_Extended).mp3;tags;Victor Deme, Synapson;Djon maya maï (Original Extended);MATCH;100.0;Synapson;Djon Maya Maï;Electronic;House;2014;Diez Music;5781245
2021-02-09\Wehbba,_DJ_Deeon_-_We_Have_Bass_(Original_Mix).mp3;tags;Wehbba, DJ Deeon;We Have Bass (Original Mix);MATCH;100.0;Wehbba;We Have Bass;Electronic;Techno;2019;Drumcode;13475594
2021-11-01\ARTBAT_-_Flame_(Original_Mix).mp3;tags;ARTBAT;Flame (Original Mix);MATCH;100.0;ARTBAT;Flame;Electronic;Progressive House/Techno;2021;Upperground (3);20016367
2021-11-01\Agoria_-_Europa_(Original_Mix).mp3;tags;Agoria;Europa (Original Mix);MATCH;100.0;Agoria;Europa;Electronic;Techno/Electro/Tech House;2006;Different;803363
2021-11-01\Agoria_-_Les_Violons_Ivres_(Original_Mix).mp3;tags;Agoria;Les Violons Ivres (Original Mix);MATCH;100.0;Agoria;Les Violons Ivres;Electronic;Techno/Electro/Tech House;2006;Different;803363
2021-11-01\Aloka_-_Concave_(Original_Mix).mp3;tags;Aloka;Concave (Original Mix);MATCH;100.0;Aloka;Concave;Electronic;Electro/Techno;2019;Typeless;14738466
2021-11-01\Ben_Böhmer_-_Beyond_Beliefs_(Original_Mix).mp3;tags;Ben Bohmer;Beyond Beliefs (Original Mix);MATCH;100.0;Ben Böhmer;Beyond Beliefs;Electronic;Deep House;2021;Anjunadeep;19604269
2021-11-01\Booka_Shade,_Nicole_Moudaber,_Booka_Shade_&_Nicole_Moudaber_-_Plexus_3AM_(Nicole_Moudaber_Remix).mp3;tags;Booka Shade & Nicole Moudaber, Nicole Moudaber, Booka Shade;Plexus 3AM (Nicole Moudaber Remix);MATCH;100.0;Booka Shade;Plexus 3AM (Nicole Moudaber Remix);Electronic;Tech House/Techno;2020;Blaufield Music;16347504
2021-11-01\Carbon,_Lampe_-_Driving_Mad_(Original_Mix).mp3;tags;Carbon, Lampe;Driving Mad (Original Mix);NON;0.0;;;;;;;
2021-11-01\Chris_Lake,_Riva_Starr_-_Beat_Freak_(feat._lau.ra)_(Extended_Mix).mp3;tags;Chris Lake, Riva Starr;Beat Freak (Extended Mix);NON;0.0;;;;;;;
2021-11-01\Damon_Jee,_Darlyn_Vlys_-_Behind_Us_(Original_Mix).mp3;tags;Damon Jee, Darlyn Vlys;Behind Us (Original Mix);NON;0.0;;;;;;;
2021-11-01\Disfreq_-_All_My_Friends_(Original_Mix).mp3;tags;Disfreq;All My Friends (Original Mix);MATCH;100.0;Disfreq;All My Friends;Electronic;Tech House/Techno;2021;Trick (2);23744723
2021-11-01\Double_Touch_-_Infinite_Nocturne_(Original_Mix).mp3;tags;Double Touch;Infinite Nocturne (Original Mix);NON;0.0;;;;;;;
2021-11-01\Faithless,_Maceo_Plex_-_Insomnia_2021_(Dub_Mix).mp3;tags;Faithless, Maceo Plex;Insomnia 2021 (Dub Mix);MATCH;100.0;Maceo Plex;Insomnia 2021 (Extended);Electronic;Techno/Tech House;2021;Ministry Of Sound Recordings;19129489
2021-11-01\Faithless,_Maceo_Plex_-_Insomnia_2021_(Epic_Mix).mp3;tags;Faithless, Maceo Plex;Insomnia 2021 (Epic Mix);MATCH;100.0;Maceo Plex;Insomnia 2021 (Epic Mix);Electronic;Techno/Tech House;2021;Ministry Of Sound Recordings;19129489
2021-11-01\Gesaffelstein_-_Atmosphere_(Original_Mix).mp3;tags;Gesaffelstein;Atmosphere (Original Mix);MATCH;100.0;Gesaffelstein;Atmosphere;Electronic;Tech House;2010;Turbo;2535544
2021-11-01\Hubbabubbaklubb_-_Mopedbart_(Original_Mix).mp3;tags;Hubbabubbaklubb;Mopedbart (Original Mix);MATCH;100.0;Hubbabubbaklubb;Mopedbart;Electronic/Funk / Soul;Disco;2013;Death Strobe Records;4271100
2021-11-01\KOMPROMAT,_Adele_Haenel_-_De_mon_âme_à_ton_âme_feat._Adele_Haenel_(Original_Mix).mp3;tags;Adele Haenel, KOMPROMAT;De mon âme à ton âme feat. Adele Haenel (Original Mix);MATCH;100.0;Kompromat (2);De Mon Âme A Ton Âme;Electronic/Pop;Electroclash/Synth-pop/EBM;2019;Clivage Music;13442610
2021-11-01\KOMPROMAT_-_Das_Grab_(Original_Mix).mp3;tags;KOMPROMAT;Das Grab (Original Mix);MATCH;100.0;Kompromat (2);Das Grab;Electronic;Techno;2019;Clivage Music;15545646
2021-11-01\Kai_Tracid,_ASYS_-_Wrong_or_Right_(Acid_Rain_over_Berlin_Mix).mp3;tags;Kai Tracid, A*S*Y*S;Wrong or Right (Acid Rain over Berlin Mix);MATCH;88.6;Kai Tracid;Wrong Or Right (Acid Rain Over Berlin Mix);Electronic;Techno/Acid;2021;Fe Chrome;19673764
2021-11-01\Kiko,_Waltervelt_-_Violent_Location_(Original_Mix).mp3;tags;Kiko, Waltervelt;Violent Location (Original Mix);NON;0.0;;;;;;;
2021-11-01\Kino_Todo,_Tesfit_Asgodom_-_Gidafi_Na_feat._Asgodom_(Red_Axes_Edit).mp3;tags;Kino Todo, Tesfit Asgodom;Gidafi Na feat. Asgodom (Red Axes Edit);NON;0.0;;;;;;;
2021-11-01\Made_In_TLV_-_Isla_Blanca_(Original_Mix).mp3;tags;Made In TLV;Isla Blanca (Original Mix);NON;0.0;;;;;;;
2021-11-01\NTO_(FR),_Monolink_-_Beyond_Control_(Original_Mix).mp3;tags;NTO (FR), Monolink;Beyond Control (Original Mix);NON;0.0;;;;;;;
2021-11-01\NTO_(FR)_-_Invisible_(Paul_Kalkbrenner_Remix).mp3;tags;NTO;Invisible (Paul Kalkbrenner Remix);MATCH;94.3;N'to;Invisible (Paul Kalkbrenner Remix);Electronic;Techno/Tech House/Progressive House/Deep House;2021;AllPoints;18292492
2021-11-01\NTO_(FR)_-_Invisible_feat._Sofiane_Pamart_(Piano_Version).mp3;tags;NTO (FR);Invisible feat. Sofiane Pamart (Piano Version);NON;0.0;;;;;;;
2021-11-01\Pete_Tong,_Tale_Of_Us,_Jules_Buckley_-_Time_(feat._Jules_Buckley).mp3;tags;Pete Tong, Tale Of Us;Time (feat. Jules Buckley);NON;0.0;;;;;;;
2021-11-01\Popof,_Space_92_-_Insomnia_(Original_Mix).mp3;tags;Popof, Space 92;Insomnia (Original Mix);NON;0.0;;;;;;;
2021-11-01\Popof_-_Open_Head_(Original_Mix).mp3;tags;Popof;Open Head (Original Mix);MATCH;100.0;Popof;Open Head;Electronic;Tech House/Minimal Techno;2020;Solä;24156416
2021-11-01\Popof_-_Skylighter_(Original_Mix).mp3;tags;Popof;Skylighter (Original Mix);MATCH;100.0;Popof;Skylighter;Electronic;Techno;2021;Form Music;28938958
2021-11-01\Red_Axes_-_Skulls_(Original_Mix).mp3;tags;Red Axes;Skulls (Original Mix);MATCH;100.0;Red Axes;Skulls;Electronic;Tech House/Leftfield/Acid;2021;Phantasy Sound;20181433
2021-11-01\Red_Axes_-_Some_Lights_(Original_Mix).mp3;tags;Red Axes;Some Lights (Original Mix);MATCH;100.0;Red Axes;Some Lights;Electronic;Tech House/Leftfield/Acid;2021;Phantasy Sound;20181433
2021-11-01\Riva_Starr,_Genghis_Clan_-_I_Am_Brotherhood_(Extended_Mix).mp3;tags;Riva Starr, Genghis Clan;I Am Brotherhood (Extended Mix);MATCH;100.0;Genghis Clan;I Am Brotherhood;Electronic;Techno;2021;Snatch! Records;32920614
2021-11-01\Riva_Starr,_Genghis_Clan_-_Outta_Control_(Extended_Mix).mp3;tags;Riva Starr, Genghis Clan;Outta Control (Extended Mix);NON;0.0;;;;;;;
2021-11-01\Rodriguez_Jr._-_Kilian_(Original_Mix).mp3;tags;Rodriguez Jr.;Kilian (Original Mix);NON;0.0;;;;;;;
2021-11-01\Rtkal,_Equiknoxx,_Rege_Sosa_-_Thingamajigama_feat._RTKal_feat._Rege_Sosa_(Original_Mix).mp3;tags;Rtkal, Equiknoxx, Rege Sosa;Thingamajigama feat. RTKal feat. Rege Sosa (Original Mix);NON;0.0;;;;;;;
2021-11-01\Sebastien_Leger_-_Son_of_Sun_(Original_Mix).mp3;tags;Sebastien Leger;Son of Sun (Original Mix);NON;0.0;;;;;;;
2021-11-01\Shpongle,_Out_of_Orbit_(Eitan_Reiter)_-_No_Disco_(Red_Axes_Remix).mp3;tags;Out of Orbit (Eitan Reiter), Shpongle;No Disco (Red Axes Remix);MATCH;100.0;Out Of Orbit;No Disco (Red Axes Remix);Electronic;Psy-Trance/Progressive Trance/Nu-Disco;2019;Shamanic Tales;15205847
2021-11-01\Stephan_Bodzin_-_Spacetime_Hero_(Original_Mix).mp3;tags;Stephan Bodzin;Spacetime Hero (Original Mix);MATCH;100.0;Stephan Bodzin;Spacetime Hero;Electronic;Tech House/Techno/Trance;2021;Herzblut Recordings;20525599
2021-11-01\Steve_Shaden_-_Underground_(ASYS_Remix).mp3;tags;Steve Shaden;Underground (A*S*Y*S Remix);MATCH;100.0;Steve Shaden;Underground (A*S*Y*S Remix);Electronic;Techno/Acid;2021;EXE;23912744
2021-11-01\Synapson,_Mozambo_-_On_the_Rock_(Synapson_Remix).mp3;tags;Synapson, Mozambo;On the Rock (Synapson Remix);NON;0.0;;;;;;;
2021-11-01\Teenage_Mutants_-_Fortune_(Original_Mix).mp3;tags;Teenage Mutants;Fortune (Original Mix);MATCH;100.0;Teenage Mutants;Fortune;Electronic;Techno;2021;Filth On Acid;18106675
2021-11-01\The_Chemical_Brothers_-_Do_It_Again_(Oliver_Huntemann_Dub).mp3;tags;The Chemical Brothers;Do It Again (Oliver Huntemann Dub);MATCH;100.0;The Chemical Brothers;Do It Again (Oliver Huntemann Dub);Electronic;House/Techno/Electro/Minimal;2007;EMI Music Denmark;1120351
2021-11-01\The_Chemical_Brothers_-_Electronic_Battle_Weapon_5_(Original_Mix).mp3;tags;The Chemical Brothers;Electronic Battle Weapon 5 (Original Mix);MATCH;100.0;The Chemical Brothers;Electronic Battle Weapon 5;Electronic;Tribal/Techno;2001;Freestyle Dust;96823
2021-11-01\The_Chemical_Brothers_-_Electronic_Battle_Weapon_7_(Original_Mix).mp3;tags;The Chemical Brothers;Electronic Battle Weapon 7 (Original Mix);MATCH;100.0;The Chemical Brothers;Electronic Battle Weapon 7;Electronic;Techno/Acid;2004;Freestyle Dust;313914
2021-11-01\The_Organism_-_Terpsichore_(Original_Mix).mp3;tags;The Organism;Terpsichore (Original Mix);NON;0.0;;;;;;;
2021-11-01\Township_Rebellion_-_Chaos_(Original_Mix).mp3;tags;Township Rebellion;Chaos (Original Mix);NON;0.0;;;;;;;
2021-11-01\Vitalic,_Kiddy_Smile_-_Rave_Against_the_System_(Original_Mix).mp3;tags;Vitalic, Kiddy Smile;Rave Against the System (Original Mix);MATCH;100.0;Vitalic;Rave Against The System;Electronic;Techno/Acid;2021;Clivage Music;20583127
2021-11-01\Vitalic_-_Carbonized_(Original_Mix).mp3;tags;Vitalic;Carbonized (Original Mix);MATCH;100.0;Vitalic;Carbonized;Electronic;Techno/Acid;2021;Clivage Music;20583127
2021-11-01\brandroid_-_Grain_Capacity_(Original_Mix).mp3;tags;brandroid;Grain Capacity (Original Mix);NON;56.0;brandroid;If Memory Serves;;;;;
2022-01-23B\A.S.Y.S - Acid Zombie.mp3;tags;A.S.Y.S.;Acid Zombie;MATCH;100.0;A*S*Y*S;Acid Zombie;Electronic;Hard Trance/Acid;2010;iHDS (International Hard Dance Sessions);2543899
2022-01-23B\A.S.Y.S. - ... Till We Die.mp3;tags;A.S.Y.S.;... Till We Die;MATCH;100.0;A*S*Y*S;...Till We Die;Electronic;Acid/Hard Trance/Techno/Breaks;2005;Tracid Traxxx;360803
2022-01-23B\A.S.Y.S. - 303 Transformer.mp3;tags;A.S.Y.S.;303 Transformer;MATCH;100.0;A*S*Y*S;303 Transformer;Electronic;Acid/Hard Trance/Techno/Breaks;2005;Tracid Traxxx;360803
2022-01-23B\A.S.Y.S. - Acid 42.mp3;tags;A.S.Y.S.;Acid 42;MATCH;100.0;A*S*Y*S;Acid 42;Electronic;Acid/Hard Trance/Techno/Breaks;2005;Tracid Traxxx;360803
2022-01-23B\A.S.Y.S. - Acid Flash.mp3;tags;A.S.Y.S.;Acid Flash;MATCH;100.0;A*S*Y*S;Acid Flash;Electronic;Acid/Hard Trance/Techno/Breaks;2005;Tracid Traxxx;360803
2022-01-23B\A.S.Y.S. - Acid Headcracker.mp3;tags;A.S.Y.S.;Acid Headcracker;MATCH;91.9;A*S*Y*S;Acid Headcracker 2010;Electronic;Hardstyle/Hard Trance;2009;Fe Records;2051508
2022-01-23B\A.S.Y.S. - Acid Nightmare.mp3;tags;A.S.Y.S.;Acid Nightmare;MATCH;100.0;A*S*Y*S;Acid Nightmare;Electronic;Acid/Hard Trance;2001;Tracid Traxxx;15992
2022-01-23B\A.S.Y.S. - Acid Space.mp3;tags;A.S.Y.S.;Acid Space;MATCH;100.0;A*S*Y*S;Acid Space;Electronic;Acid/Hard Trance/Techno/Breaks;2005;Tracid Traxxx;360803
2022-01-23B\Adriatique - All Eyes On Jolie.mp3;tags;Adriatique;All Eyes On Jolie;MATCH;100.0;Adriatique;All Eyes On Jolie;Electronic;Deep House/Tech House/House;2011;Suruba D;7941468
2022-01-23B\Adriatique - Womb.mp3;tags;Adriatique;Womb;MATCH;100.0;Adriatique;Womb;Electronic;Tech House/Minimal/Acid;2016;Siamese (2);9210695
2022-01-23B\Alle Farben - Deep Sea Blue.mp3;tags;Alle Farben;Deep Sea Blue;MATCH;100.0;Alle Farben;Deep Sea Blue;Electronic/Pop;House;2016;B1 Recordings;8612003
2022-01-23B\Dima - Sounds of Life.mp3;tags;Dima;Sounds of Life;MATCH;100.0;DIMA;Sounds Of Life;Electronic;Techno;2018;Citizen Records;12556883
2022-01-23B\Fake Mood - Insomnia.mp3;tags;Fake Mood;Insomnia;NON;0.0;;;;;;;
2022-01-23B\Julian Jeweil, Popof - Carbon.mp3;tags;Julian Jeweil, Popof;Carbon;NON;0.0;;;;;;;
2022-01-23B\Julian Jeweil, Popof - Dance Escape.mp3;tags;Julian Jeweil, Popof;Dance Escape;MATCH;100.0;Julian Jeweil;Dance Escape;Electronic;Techno;2020;Filth On Acid;16069499
2022-01-23B\Jurgen Paape - Nord.mp3;tags;Jurgen Paape;Nord;MATCH;100.0;Jürgen Paape;Nord;Electronic;Techno;2007;Kompakt;956837
2022-01-23B\Marek Hemmann - Neon (Original Mix).mp3;tags;Marek Hemmann;Neon (Original Mix);MATCH;100.0;Marek Hemmann;Neon;Electronic;House/Tech House/Deep House;2022;Lovers & Strangers;33322059
2022-01-23B\Popof - E-Doser.mp3;tags;Popof;E-Doser;MATCH;100.0;Popof;E Doser;Electronic;Techno/Minimal;2009;Form Music;1835594
2022-01-23B\Popof - RTB.mp3;tags;Popof;RTB;MATCH;100.0;Popof;Rtb;Electronic;Tech House/Minimal Techno;2020;Solä;24156416
2022-01-23B\Popof - Vabern.mp3;tags;Popof;Vabern;MATCH;100.0;Popof;Vabern;Electronic;House/Electro;2007;Absolut Freak Records;1065282
2022-01-23B\Popof - W.T.A.mp3;tags;Popof;W.T.A;NON;70.0;Popof;A.N.T.I;;;;;
2022-01-23B\Worakls - By the Brook.mp3;tags;Worakls;By the Brook;MATCH;100.0;Worakls;By The Brook;Electronic;Modern Classical/House;2019;Hungry Music;13364297
2022-01-23B\Worakls - Caprice.mp3;tags;Worakls;Caprice;MATCH;100.0;Worakls;Caprice;Electronic;Modern Classical/House;2019;Hungry Music;13364297
2022-01-23B\Worakls - Detached Motion.mp3;tags;Worakls;Detached Motion;MATCH;100.0;Worakls;Detached Motion;Electronic;Modern Classical/House;2019;Hungry Music;13364297
2022-01-23B\Worakls - Hortari.mp3;tags;Worakls;Hortari;MATCH;100.0;Worakls;Hortari;Electronic;Modern Classical/House;2019;Hungry Music;13364297
2022-01-23B\Worakls - Nocturne.mp3;tags;Worakls;Nocturne;MATCH;100.0;Worakls;Nocturne;Electronic;Tech House/Deep House;2017;Hungry Music;10784296
2022-01-23B\Worakls - Pandemonium.mp3;tags;Worakls;Pandemonium;MATCH;100.0;Worakls;Pandemonium;Electronic;Tech House/Deep Techno;2016;Hungry Music;10783955
2022-01-23B\Worakls - Play Me.mp3;tags;Worakls;Play Me;MATCH;100.0;Worakls;Play Me;Electronic;Progressive House;2009;Lift'In Records;18425509
2022-01-23B\Worakls - Porto.mp3;tags;Worakls;Porto;MATCH;100.0;Worakls;Porto;Electronic;Deep House;2014;Happy Music;7259255
2022-01-23B\Worakls - Question Reponse.mp3;tags;Worakls;Question Reponse;MATCH;100.0;Worakls;Question Réponse;Electronic;Tech House;2015;Hungry Music;7637372
2022-01-23B\Worakls - Tension (Original Mix).mp3;tags;Worakls;Tension (Original Mix);MATCH;100.0;Worakls;Tension;Electronic;Techno;2011;Binary404;4183681
2022-01-23B\Worakls, Rusanda Panfili - Storm.mp3;tags;Worakls, Rusanda Panfili;Storm;NON;0.0;;;;;;;
2022-01-23B\matan caspi - prophecy (original mix).mp3;tags;Matan Caspi;Prophecy (original mix);MATCH;100.0;Matan Caspi;Prophecy;Electronic;Progressive House;2020;Outta Limits;16211211
2022-01-23C\ARTBAT - Aquarius.mp3;tags;ARTBAT;Aquarius;NON;0.0;;;;;;;
2022-01-23C\ARTBAT - Element.mp3;tags;ARTBAT;Element;NON;0.0;;;;;;;
2022-01-23C\ARTBAT - Horizon.mp3;tags;ARTBAT;Horizon;MATCH;100.0;ARTBAT;Horizon;Electronic;Tech House;2021;Upperground (3);22488692
2022-01-23C\ARTBAT - Knup.mp3;tags;ARTBAT;Knup;MATCH;100.0;ARTBAT;Knup (Original Mix);Electronic;Deep House/Techno/Downtempo/Nu-Disco;2017;Suara;10388265
2022-01-23C\ARTBAT - Papillon.mp3;tags;ARTBAT;Papillon;MATCH;100.0;ARTBAT;Papillon;Electronic;Deep Techno;2018;Fryhide;12522158
2022-01-23C\ARTBAT - Target.mp3;tags;ARTBAT;Target;NON;0.0;;;;;;;
2022-01-23C\ARTBAT - Upperground.mp3;tags;ARTBAT;Upperground;MATCH;100.0;ARTBAT;Upperground;Electronic;Progressive House/Tech House;2019;Diynamic Music;13020548
2022-01-23C\ARTBAT - Wall.mp3;tags;ARTBAT;Wall;MATCH;100.0;ARTBAT;Wall (Original Mix);Electronic;Deep House/Techno/Downtempo/Nu-Disco;2017;Suara;10388265
2022-01-23C\ARTBAT, Dino Lenny - Fading.mp3;tags;ARTBAT, Dino Lenny;Fading;NON;0.0;;;;;;;
2022-01-23C\Ann Clue, Boris Brejcha - Roadtrip.mp3;tags;Ann Clue, Boris Brejcha;Roadtrip;MATCH;100.0;Boris Brejcha;Roadtrip;Electronic;Minimal Techno;2016;FCKNG SERIOUS;8730293
2022-01-23C\Artbat - Zing.mp3;tags;ARTBAT;Zing;NON;0.0;;;;;;;
2022-01-23C\Bastet, Rommo - Simmetric (Nonameleft Remix).mp3;tags;Bastet, Rommo;Simmetric (Nonameleft Remix);NON;0.0;;;;;;;
2022-01-23C\Belocca - Freedom Of Soul (NoNameLeft Remix).mp3;tags;Belocca ;Freedom Of Soul (NoNameLeft Remix);MATCH;100.0;Belocca;Freedom Of Soul (Nonameleft Remix);Electronic;Techno;2021;Mainground Music;25170859
2022-01-23C\Boris Brejcha - Babamba.mp3;tags;Boris Brejcha;Babamba;MATCH;100.0;Boris Brejcha;Babamba;Electronic;Progressive House;2020;Ultra Music;15386415
2022-01-23C\Boris Brejcha - Cocoloco.mp3;tags;Boris Brejcha;Cocoloco;MATCH;100.0;Boris Brejcha;Cocoloco;Electronic;Progressive House;2020;Ultra Music;15498967
2022-01-23C\Boris Brejcha - Devil.mp3;tags;Boris Brejcha;Devil;MATCH;100.0;Boris Brejcha;Devil;Electronic;Minimal Techno;2018;FCKNG SERIOUS;13706013
2022-01-23C\Boris Brejcha - EXIT.mp3;tags;Boris Brejcha;EXIT;MATCH;100.0;Boris Brejcha;Exit;Electronic;Tech House;2021;Ultra Music;20525251
2022-01-23C\Boris Brejcha - Never Look Back.mp3;tags;Boris Brejcha;Never Look Back;MATCH;100.0;Boris Brejcha;Never Look Back;Electronic;Progressive House;2019;Ultra Music;14297068
2022-01-23C\Boris Brejcha - On His Way.mp3;tags;Boris Brejcha;On His Way;MATCH;100.0;Boris Brejcha;On His Way;Electronic;Progressive House;2020;Ultra Music;15386415
2022-01-23C\Boris Brejcha - Redemption.mp3;tags;Boris Brejcha;Redemption;MATCH;100.0;Boris Brejcha;Redemption;Electronic;Progressive House;2019;Ultra Music;14297086
2022-01-23C\Boris Brejcha - Sad But True.mp3;tags;Boris Brejcha;Sad But True;MATCH;100.0;Boris Brejcha;Sad But True;Electronic;Progressive House/Tech House/Minimal Techno;2016;FCKNG SERIOUS;9063485
2022-01-23C\Boris Brejcha - Space Diver.mp3;tags;Boris Brejcha;Space Diver;MATCH;100.0;Boris Brejcha;Space Diver;Electronic;Techno/Tech House/Progressive House/Electro House;2020;Ultra Music;14750078
2022-01-23C\Boris Brejcha - The Caravan.mp3;tags;Boris Brejcha;The Caravan;MATCH;100.0;Boris Brejcha;The Caravan;Electronic;Tech House;2021;Ultra Music;20525251
2022-01-23C\Boris Brejcha - Thunderstorm.mp3;tags;Boris Brejcha;Thunderstorm;MATCH;100.0;Boris Brejcha;Thunderstorm;Electronic;Tech House;2020;Ultra Music;15198964
2022-01-23C\Boris Brejcha - Vampire.mp3;tags;Boris Brejcha;Vampire;MATCH;100.0;Boris Brejcha;Vampire;Electronic;Minimal Techno/Tech House/Techno;2014;Harthouse Mannheim;5465492
2022-01-23C\Boris Brejcha - Violet Pill.mp3;tags;Boris Brejcha;Violet Pill;MATCH;100.0;Boris Brejcha;Violet Pill;Electronic;Progressive House;2020;Ultra Music;15386415
2022-01-23C\Boris Brejcha - Vodka & Orange.mp3;tags;Boris Brejcha;Vodka & Orange;MATCH;100.0;Boris Brejcha;Vodka & Orange;Electronic;Tech House;2021;Ultra Music;21351043
2022-01-23C\Boris Brejcha feat. Ginger - Happinezz.mp3;tags;Boris Brejcha feat. Ginger;Happinezz;MATCH;100.0;Boris Brejcha;Happinezz;Electronic;Techno/Minimal Techno;2019;Ultra Music;14297093
2022-01-23C\CamelPhat, ARTBAT feat. RHODES - For a Feeling.mp3;tags;CamelPhat, ARTBAT feat. RHODES;For a Feeling;NON;0.0;;;;;;;
2022-01-23C\Double Touch - Cielo (Fulltone Remix).mp3;tags;Double Touch;Cielo (Fulltone Remix);NON;0.0;;;;;;;
2022-01-23C\Double Touch - El Choclo (Original Mix).mp3;tags;Double Touch;El Choclo (Original Mix);NON;0.0;;;;;;;
2022-01-23C\Double Touch - Greatest Day feat. Reigan (Lost Desert Remix).mp3;tags;Double Touch;Greatest Day feat. Reigan (Lost Desert Remix);MATCH;100.0;Double Touch;Greatest Day;Electronic;Deep House/House/Tech House;2020;All Day I Dream;16132064
2022-01-23C\Double Touch - Von Paradiso (Original Mix).mp3;tags;Double Touch;Von Paradiso (Original Mix);NON;0.0;;;;;;;
2022-01-23C\Double Touch - Woolfie.mp3;tags;Double Touch;Woolfie;NON;0.0;;;;;;;
2022-01-23C\Hellomonkey, Daniel Nike, NoNameLeft - Refraction (Original Mix).mp3;tags;Hellomonkey, Daniel Nike, NoNameLeft;Refraction (Original Mix);NON;0.0;;;;;;;
2022-01-23C\Horisone & NoNameLeft - Mental Extraction (Original Mix).mp3;tags;Horisone & NoNameLeft;Mental Extraction (Original Mix);NON;0.0;;;;;;;
2022-01-23C\Jay Lumen - Asteroid.mp3;tags;Jay Lumen;Asteroid;MATCH;100.0;Jay Lumen;Asteroid;Electronic;Techno;2018;Footwork Audio;12019473
2022-01-23C\Jay Lumen - Calypso.mp3;tags;Jay Lumen;Calypso;MATCH;100.0;Jay Lumen;Calypso;Electronic;Progressive House/Tech House;2008;Anjunadeep;1366027
2022-01-23C\Jay Lumen - Get Ready.mp3;tags;Jay Lumen;Get Ready;MATCH;100.0;Jay Lumen;Get Ready;Electronic;House/Tech House;2012;100% Pure;3898515
2022-01-23C\Jay Lumen - Radio Ready.mp3;tags;Jay Lumen;Radio Ready;MATCH;100.0;Jay Lumen;Radio Ready (Original);Electronic;House/Tech House;2014;Kittball Records;5401232
2022-01-23C\Jay Lumen - Reincarnation.mp3;tags;Jay Lumen;Reincarnation;MATCH;100.0;Jay Lumen;Reincarnation;Electronic;Techno;2020;Footwork Audio;16239013
2022-01-23C\M.O.S., Double Touch - Ascending.mp3;tags;M.O.S., Double Touch;Ascending;NON;0.0;;;;;;;
2022-01-23C\Matador, ARTBAT - Apollo 11.mp3;tags;Matador, ARTBAT;Apollo 11;NON;0.0;;;;;;;
2022-01-23C\Monolink - Return to Oz.mp3;tags;Monolink;Return to Oz;MATCH;100.0;Monolink;Return To Oz;Electronic;Deep House/Downtempo;2018;Embassy One;11920486
2022-01-23C\NoNameLeft - Dyson Sphere.mp3;tags;Nonameleft;Dyson Sphere;NON;0.0;;;;;;;
2022-01-23C\NoNameLeft - Overflow.mp3;tags;Nonameleft;Overflow;NON;0.0;;;;;;;
2022-01-23C\NoNameLeft - Vision.mp3;tags;Nonameleft;Vision;NON;0.0;;;;;;;
2022-01-23C\Nonameleft - Berlout.mp3;tags;Nonameleft;Berlout;NON;71.6;NoNameLeft;Supercluster;;;;;
2022-01-23C\Stephan Bodzin, Marc Romboy - Ferdinand (ANNA & Wehbba Remix).mp3;tags;Stephan Bodzin, Marc Romboy;Ferdinand (ANNA & Wehbba Remix);MATCH;97.8;Marc Romboy vs. Stephan Bodzin;Ferdinand (ANNA & Wehbba Remix);Electronic;Neo Trance/Techno;2021;Systematic (3);20898961
2022-01-23C\Teenage Mutants - Night.mp3;tags;Teenage Mutants;Night;NON;77.5;Teenage Mutants;Tough Night;;;;;
2022-01-23C\Teenage Mutants - Real.mp3;tags;Teenage Mutants;Real;NON;0.0;;;;;;;
2022-01-23C\Timmo - Intensify.mp3;tags;Timmo;Intensify;MATCH;100.0;Timmo;Intensify;Electronic;Techno;2017;Drumcode;9712572
2022-01-23C\Timmo - Interspace.mp3;tags;Timmo;Interspace;MATCH;100.0;Timmo;Interspace;Electronic;Techno;2019;Terminal M;14294358
2022-01-23C\Timmo - Sonic Voyage.mp3;tags;Timmo;Sonic Voyage;MATCH;100.0;Timmo;Sonic Voyage;Electronic;Techno;2019;Terminal M;14294358
2022-01-23C\Timmo - Vortex.mp3;tags;Timmo;Vortex;MATCH;100.0;Timmo;Vortex;Electronic;Techno;2019;Terminal M;14294358
2022-01-23C\Wehbba - Third Wave (Original Mix).mp3;tags;Wehbba;Third Wave (Original Mix);MATCH;100.0;Wehbba;Third Wave;Electronic;Techno;2019;Drumcode;13475594
2022-01-23\ARTBAT, Pete Tong - Age of Love.mp3;tags;ARTBAT, Pete Tong;Age of Love;NON;73.8;Pete Tong;The Age Of Love (Baby Doc Mix);;;;;
2022-01-23\Alec Troniq - Dwight.mp3;tags;Alec Troniq;Dwight;MATCH;100.0;Alec Troniq;Dwight;Electronic;Techno;2021;Complexed Records;19230856
2022-01-23\Alt Control - Optical Glitch (Alphadog Remix).mp3;tags;Alt Control;Optical Glitch (Alphadog Remix);NON;63.1;Control Alt Deus;Aftermath (Oneironaut Remix);;;;;
2022-01-23\Djuma Soundsystem - Soma (Jay Tripwire Remix).mp3;tags;Djuma Soundsystem;Soma (Jay Tripwire Remix);NON;77.5;Djuma Soundsystem;Stoli (Tiger Stripes Remix);;;;;
2022-01-23\Dole & Kom - Together Onetime (Butch Remix).mp3;tags;Dole & Kom;Together Onetime (Butch Remix);MATCH;100.0;Dole & Kom;Together Onetime (Butch Remix);Electronic;Progressive House;2021;BAR25;23905457
2022-01-23\Hidden Empire - Pont De La Caille (Extended Mix).mp3;tags;Hidden Empire;Pont De La Caille (Extended Mix);MATCH;100.0;Hidden Empire;Pont De La Caille;Electronic;Tech House;2021;Cercle Records (2);21358321
2022-01-23\Joris Delacroix - Aiguilhe (Original Mix).mp3;tags;Joris Delacroix;Aiguilhe (Original Mix);MATCH;100.0;Joris Delacroix;Aiguilhe;Electronic;Progressive House;2020;Cercle Records (2);16270408
2022-01-23\Marek Hemmann - Doxa.mp3;tags;Marek Hemmann;Doxa;MATCH;100.0;Marek Hemmann;Doxa;Electronic;House/Tech House/Deep House;2022;Lovers & Strangers;33322059
2022-01-23\NoNameLeft - The Second Law of Thermodynamics.mp3;tags;NoNameLeft;The Second Law of Thermodynamics;NON;0.0;;;;;;;
2022-01-23\Oliver Schories - Devon (Oliver Huntemann Remix).mp3;tags;Oliver Schories;Devon (Oliver Huntemann Remix);MATCH;100.0;Oliver Schories;Devon (Oliver Huntemann Remix);Electronic;Deep House/Tech House;2021;Ritter Butzke Records;22891076
2022-01-23\Robert Babicz - Athena.mp3;tags;Robert Babicz;Athena;MATCH;100.0;Robert Babicz;Athena;Electronic;Tech House/Deep House/Minimal Techno;2021;Babiczstyle;21574612
2022-01-23\Ron Flatter - Filybeck (Original Mix).mp3;tags;Ron Flatter;Filybeck (Original Mix);MATCH;100.0;Ron Flatter;Filybeck;Electronic;Tech House;2021;Pour La Vie Records;28071778
2022-01-23\Teenage Mutants, Giorgia Angiuli - What We Think (Boy Next Door Remix).mp3;tags;Teenage Mutants, Giorgia Angiuli;What We Think (Boy Next Door Remix);NON;0.0;;;;;;;
2022-01-23\Teho - Glacier 3000.mp3;tags;Teho;Glacier 3000;MATCH;100.0;Teho;Glacier 3000;Electronic;Progressive House;2021;Cercle Records (2);26397797
2022-01-26\BLANCAh - Albatroz.mp3;tags;BLANCAh;Albatroz;MATCH;100.0;BLANCAh;Albatroz;Electronic;Deep House;2016;Steyoyoke;22690433
2022-01-26\BLANCAh - Axis.mp3;tags;BLANCAh;Axis;MATCH;100.0;BLANCAh;Axis;Electronic;Techno/Progressive House;2017;Steyoyoke;13893968
2022-01-26\BLANCAh - Talus.mp3;tags;BLANCAh;Talus;MATCH;100.0;BLANCAh;Talus;Electronic;Techno/Progressive House;2017;Steyoyoke;13893968
2022-01-26\Beije - Babylonia.mp3;tags;Beije;Babylonia;NON;0.0;;;;;;;
2022-01-26\Beije - Botanical.mp3;tags;Beije;Botanical;MATCH;100.0;Beije;Botanical;Electronic;Deep House;2019;Manual Deep;21447325
2022-01-26\Beije - Exquiro.mp3;tags;Beije;Exquiro;MATCH;100.0;Beije;Exquiro;Electronic;Deep House;2020;Where The Heart Is;16963797
2022-01-26\Beije - Pacifica.mp3;tags;Beije;Pacifica;NON;0.0;;;;;;;
2022-01-26\Beije - Sonder.mp3;tags;Beije;Sonder;NON;0.0;;;;;;;
2022-01-26\Beije - Tabernas.mp3;tags;Beije;Tabernas;NON;0.0;;;;;;;
2022-01-26\Beije - Window to the Soul.mp3;tags;Beije;Window to the Soul;MATCH;100.0;Beije;Window To The Soul;Electronic;Deep House;2021;3rd Avenue;17774749
2022-01-26\Binaryh - Apus.mp3;tags;Binaryh;Apus;MATCH;100.0;Binaryh;Apus;Electronic;Progressive House/Techno;2020;Hiato Music;16161395
2022-01-26\Binaryh - Cassiopeia.mp3;tags;Binaryh;Cassiopeia;MATCH;100.0;Binaryh;Cassiopeia;Electronic;Progressive House/Techno;2020;Hiato Music;16161395
2022-01-26\Binaryh - Icarus.mp3;tags;Binaryh;Icarus;NON;0.0;;;;;;;
2022-01-26\Binaryh - Leo.mp3;tags;Binaryh;Leo;NON;0.0;;;;;;;
2022-01-26\Blancah - Apneia.mp3;tags;BLANCAh;Apneia;MATCH;100.0;BLANCAh;Apneia;Electronic;Progressive House;2018;Timeless Moment;12088052
2022-01-26\Blancah - Enquanto Espero.mp3;tags;BLANCAh;Enquanto Espero;NON;0.0;;;;;;;
2022-01-26\Blancah - Nas Horas Mortas.mp3;tags;BLANCAh;Nas Horas Mortas;NON;70.0;BLANCAh;ARIAS OF SKY;;;;;
2022-01-26\Blancah - Serenity.mp3;tags;BLANCAh;Serenity;MATCH;100.0;Blancah;Serenity;Electronic;Techno/Progressive House;2021;Hiato Music;20520772
2022-01-26\Booka Shade - Body Language.mp3;tags;Booka Shade;Body Language;MATCH;100.0;Booka Shade;Body Language;Electronic;Electro/Tech House;2008;Get Physical Music;1254565
2022-01-26\Cabaret Nocturne - Dance Or Die.mp3;tags;Cabaret Nocturne;Dance Or Die;MATCH;100.0;Cabaret Nocturne;Dance Or Die;Electronic;EBM/Techno/Nu-Disco;2016;Nein Records (2);8990000
2022-01-26\Cabaret Nocturne - Dark Pop.mp3;tags;Cabaret Nocturne;Dark Pop;MATCH;100.0;Cabaret Nocturne;Dark Pop;Electronic;Minimal Techno/Synth-pop/Nu-Disco;2016;Beachcoma;8013163
2022-01-26\Cabaret Nocturne - Green Karma.mp3;tags;Cabaret Nocturne;Green Karma;MATCH;100.0;Cabaret Nocturne;Green Karma;Electronic;EBM/Techno/Nu-Disco;2016;Nein Records (2);8990000
2022-01-26\Cabaret Nocturne - Hidden Gate.mp3;tags;Cabaret Nocturne;Hidden Gate;MATCH;100.0;Cabaret Nocturne;Hidden Gate;Electronic;Deep House/Dark Ambient/Minimal Techno/Disco;2015;Join Our Club;7820496
2022-01-26\Cabaret Nocturne - Voodoo Spunk.mp3;tags;Cabaret Nocturne;Voodoo Spunk;MATCH;100.0;Cabaret Nocturne;Voodoo Spunk;Electronic;Deep Techno/Techno/Nu-Disco/Downtempo;2017;Nein Records (2);11156481
2022-01-26\CamelPhat - Valentina.mp3;tags;CamelPhat;Valentina;MATCH;100.0;Camelphat;Valentina;Electronic;Tech House;2015;Great Stuff Recordings;6751702
2022-01-26\Charlotte de Witte - Common Era.mp3;tags;Charlotte de Witte;Common Era;MATCH;100.0;Charlotte De Witte;Common Era;Electronic;Techno;2020;KNTXT;15975990
2022-01-26\Charlotte de Witte - Formula.mp3;tags;Charlotte de Witte;Formula;MATCH;100.0;Charlotte De Witte;Formula;Electronic;Techno;2021;KNTXT;18557719
2022-01-26\Charlotte de Witte - RPM.mp3;tags;Charlotte de Witte;RPM;MATCH;100.0;Charlotte De Witte;RPM;Electronic;Techno;2021;KNTXT;18557719
2022-01-26\Charlotte de Witte - Rave On Time.mp3;tags;Charlotte de Witte;Rave On Time;MATCH;100.0;Charlotte De Witte;Rave On Time;Electronic;Techno;2020;KNTXT;15975990
2022-01-26\Charlotte de Witte - Sgadi Li Mi.mp3;tags;Charlotte de Witte;Sgadi Li Mi;MATCH;100.0;Charlotte De Witte;Sgadi Li Mi (Original Mix);Electronic;Techno/Minimal Techno/Acid;2020;KNTXT;15453524
2022-01-26\Charlotte de Witte - There's No One Left To Trust.mp3;tags;Charlotte de Witte;There's No One Left To Trust;MATCH;100.0;Charlotte De Witte;There's No One Left To Trust;Electronic;Techno;2020;KNTXT;15975990
2022-01-26\Charlotte de Witte - Time.mp3;tags;Charlotte de Witte;Time;MATCH;100.0;Charlotte De Witte;Time;Electronic;Techno/Acid/Minimal Techno/Ambient;2019;KNTXT;14449525
2022-01-26\Fatboy Slim, Riva Starr feat. Beardyman - Eat Sleep Rave Repeat (feat. Beardyman).mp3;tags;Fatboy Slim, Riva Starr;Eat Sleep Rave Repeat (feat. Beardyman);MATCH;100.0;Fatboy Slim;Eat, Sleep, Rave, Repeat;Electronic;House;2013;Mixmag;4677072
2022-01-27\ATOEM - Blue.mp3;tags;ATOEM;Blue;MATCH;100.0;Atoem;Blue;Electronic;Electro/Ambient;2017;Not On Label (ATOEM Self-released);14311053
2022-01-27\Bon Entendeur - Le temps est bon.mp3;tags;Bon Entendeur;Le temps est bon;MATCH;100.0;Bon Entendeur;Le Temps Est Bon;Electronic;Ambient/Disco/Synth-pop;2019;Columbia;13730986
2022-01-27\Bon Entendeur - Monaco.mp3;tags;Bon Entendeur;Monaco;MATCH;100.0;Bon Entendeur;Monaco;Electronic;Ambient/Disco/Synth-pop;2020;Columbia;19954630
2022-01-27\Bon Entendeur feat. Sofiane Pamart - Alba.mp3;tags;Bon Entendeur feat. Sofiane Pamart;Alba;MATCH;100.0;Bon Entendeur;Alba;Electronic/Pop;Electro;2021;Columbia;19304317
2022-01-27\Bon Entendeur, Nino Ferrer - La Rua Madureira.mp3;tags;Bon Entendeur, Nino Ferrer;La Rua Madureira;MATCH;100.0;Nino Ferrer;La Rua Madureira;Jazz/Rock/Blues/Pop;Bossa Nova/Garage Rock/Chanson/Yé-Yé;1969;Riviera (3);1244671
2022-01-27\Cirez D - On Off.mp3;tags;Cirez D;On Off;MATCH;100.0;Cirez D;On Off;Electronic;Techno/Tech House;2009;Mouseville;1866119
2022-01-27\Cirez D - Teaser.mp3;tags;Cirez D;Teaser;MATCH;100.0;Cirez D;Teaser;Electronic;Tech House;2005;Joia Records;464501
2022-01-27\Clawz SG - 188DB.mp3;tags;Clawz SG;188DB;NON;52.0;Clawz SG;Bloom;;;;;
2022-01-27\Clawz SG - Cosmic.mp3;tags;Clawz SG;Cosmic;NON;0.0;;;;;;;
2022-01-27\Clawz SG - Gwendoline.mp3;tags;Clawz SG;Gwendoline;MATCH;100.0;Clawz SG;Gwendoline;Electronic;Progressive House/IDM/Techno;2015;Blendwerk Music;6810600
2022-01-27\Clawz SG - Leviathan.mp3;tags;Clawz SG;Leviathan;NON;0.0;;;;;;;
2022-01-27\Clawz SG - Momentum.mp3;tags;Clawz SG;Momentum;MATCH;100.0;Clawz SG;Momentum;Electronic;Deep House/Tech House/Progressive House;2017;Steyoyoke;14049920
2022-01-27\Clawz SG - Perennial.mp3;tags;Clawz SG;Perennial;NON;0.0;;;;;;;
2022-01-27\Clawz SG - Twilight.mp3;tags;Clawz SG;Twilight;MATCH;100.0;Clawz SG;Twilight;Electronic;Deep House/Tech House/Progressive House;2017;Steyoyoke;14049920
2022-01-27\Clawz SG - Xanax.mp3;tags;Clawz SG;Xanax;NON;0.0;;;;;;;
2022-01-27\Dahu, Soul Button - Soma.mp3;tags;Dahu, Soul Button;Soma;NON;0.0;;;;;;;
2022-01-27\Daniel Rateuke - Kalimbo.mp3;tags;Daniel Rateuke;Kalimbo;MATCH;100.0;Daniel Rateuke;Kalimbo;Electronic;House;2019;Nite Grooves;13533825
2022-01-27\Dusty Kid - Kollera.mp3;tags;Dusty Kid;Kollera;MATCH;100.0;Dusty Kid;Kollera;Electronic;Techno;2019;Filth On Acid;14437993
2022-01-27\Florian Rietze - Shift.mp3;tags;Florian Rietze;Shift;NON;0.0;;;;;;;
2022-01-27\Francois Rengere - Rise (Original Mix).mp3;tags;Francois Rengere;Rise (Original Mix);NON;0.0;;;;;;;
2022-01-27\POPOF - Serenity (ATOEM remix).mp3;tags;POPOF;Serenity (ATOEM remix);MATCH;100.0;Popof;Serenity (ATOEM Remix);Electronic;Techno/Minimal/House;2022;Form Music;21928693
2022-01-27\Victor Ruiz - Acid.mp3;tags;Victor Ruiz;Acid;MATCH;100.0;Victor Ruiz (2);Acid;Electronic;Techno;2013;Dee-P-erfect;5041378
2022-01-27\Victor Ruiz - Dance in the Dark.mp3;tags;Victor Ruiz;Dance in the Dark;MATCH;89.8;Victor Ruiz (2);Dance In The Dark (Rework);Electronic;Techno;2025;Volta (3);35597911
2022-01-27\Victor Ruiz - Draco.mp3;tags;Victor Ruiz;Draco;MATCH;100.0;Victor Ruiz (2);Draco;Electronic;Techno;2014;Electric Ballroom (2);6511856
2022-01-27\Victor Ruiz - Voyage.mp3;tags;Victor Ruiz;Voyage;MATCH;100.0;Victor Ruiz (2);Voyage;Electronic;Techno;2017;Suara;10672364
2022-01-27\Von&Zu - Home (Francois Rengere Remix).mp3;tags;Von&Zu;Home (Francois Rengere Remix);MATCH;100.0;Von&Zu;Home (François Rengère Remix);Electronic;Experimental/Deep House;2015;Parquet Recordings;7598806
2022-01-28\Age Of Love - The Age Of Love (Charlotte de Witte & Enrico Sangiuliano Remix).mp3;tags;Age Of Love;The Age Of Love (Charlotte de Witte & Enrico Sangiuliano Remix);MATCH;100.0;Age Of Love;The Age Of Love (Charlotte De Witte & Enrico Sangiuliano Remix);Electronic;Techno;2021;Diki Records Classics;19901815
2022-01-28\Eats Everything - Space Raiders (Space 92 Remix).mp3;tags;Eats Everything;Space Raiders (Space 92 Remix);MATCH;100.0;Eats Everything;Space Raiders (Space 92 Remix);Electronic;Techno/Tech House;2021;Kneaded Pains;20982508
2022-01-28\Millero - French on Acid (Original Mix).mp3;tags;Millero;French on Acid (Original Mix);NON;63.1;Millero;Too Far Gone;;;;;
2022-01-28\Otherside (ITA) - Hydrochloric Acid.mp3;tags;Otherside (ITA);Hydrochloric Acid;NON;0.0;;;;;;;
2022-01-28\Pavel Petrov - Billennium (Original Mix).mp3;tags;Pavel Petrov;Billennium (Original Mix);NON;0.0;;;;;;;
2022-01-28\Ramon Tapia - Last Step (ASYS Remix).mp3;tags;Ramon Tapia;Last Step (ASYS Remix);NON;71.3;Ramon Tapia;Stronkie (Marc Miroir Remix);;;;;
2022-01-28\Ron Costa - Mental Freeze.mp3;tags;Ron Costa;Mental Freeze;MATCH;100.0;Ron Costa;Mental Freeze;Electronic;Techno;2021;Potobolo Records;25250773
2022-01-28\Sabura, Clap Codex - Pariah.mp3;tags;Sabura, Clap Codex;Pariah;NON;0.0;;;;;;;
2022-01-28\Teenage Mutants - Rebirth (Original Mix).mp3;tags;Teenage Mutants;Rebirth (Original Mix);MATCH;100.0;Teenage Mutants;Rebirth;Electronic;Techno;2021;Filth On Acid;20776825
2022-02-10\999999999 - 300000003.mp3;tags;999999999;300000003;NON;0.0;;;;;;;
2022-02-10\Andre Bratten - Trommer Og Bass.mp3;tags;Andre Bratten;Trommer Og Bass;NON;0.0;;;;;;;
2022-02-10\Anthony Castaldo - Concept of Infinity.mp3;tags;Anthony Castaldo;Concept of Infinity;MATCH;100.0;Anthony Castaldo;Concept Of Infinity;Electronic;Techno;2017;Unrilis;10810323
2022-02-10\Archie Hamilton - Midnight Delight.mp3;tags;Archie Hamilton;Midnight Delight;MATCH;100.0;Archie Hamilton;Midnight Delight;Electronic;Minimal/Deep Techno;2021;Moscow Records;19125595
2022-02-10\Asa Moto - Cacao.mp3;tags;Asa Moto;Cacao;MATCH;100.0;Asa Moto;Cacao;Electronic;Electro;2021;Deewee;20028769
2022-02-10\Clawz SG - Klothis (Robert Babicz Remix).mp3;tags;Clawz SG;Klothis (Robert Babicz Remix);MATCH;100.0;Clawz SG;Klothis (Robert Babicz Remix);Electronic;Progressive House/Techno;2021;Proton Music;18178183
2022-02-10\DSF - Children of Floga.mp3;tags;DSF;Children of Floga;MATCH;100.0;DSF (2);Children Of Floga;Electronic;Deep House;2018;Shanti Radio Moscow;13217465
2022-02-10\Dub Head - Globular Cluster.mp3;tags;Dub Head;Globular Cluster;MATCH;100.0;Dub Head (2);Globular Cluster;Electronic;Drum n Bass;2018;Dispatch Recordings;11765375
2022-02-10\Emrod - Jennesys.mp3;tags;Emrod;Jennesys;NON;0.0;;;;;;;
2022-02-10\Henry Jackman & Dominic Lewis - The Necklace.mp3;tags;Henry Jackman & Dominic Lewis;The Necklace;MATCH;100.0;Henry Jackman;The Necklace;Stage & Screen;Soundtrack/Score;2017;Varèse Sarabande;12918961
2022-02-10\Joachim Pastor - Joda (Worakls Remix).mp3;tags;Joachim Pastor;Joda (Worakls Remix);NON;0.0;;;;;;;
2022-02-10\Joachim Pastor - Sol Invictus.mp3;tags;Joachim Pastor;Sol Invictus;MATCH;100.0;Joachim Pastor;Sol Invictus;Electronic;Deep House;2020;Armada (4);28048572
2022-02-10\Jonathan Kaspar - Beton.mp3;tags;Jonathan Kaspar;Beton;MATCH;100.0;Jonathan Kaspar;Beton;Electronic;Techno;2021;Kompakt;17928346
2022-02-10\Laurent Garnier - Crispy Bacon.mp3;tags;Laurent Garnier;Crispy Bacon;MATCH;100.0;Laurent Garnier;Crispy Bacon;Electronic;Techno/Drum n Bass/Electro;1997;F Communications;523
2022-02-10\Laurent Garnier - Jacques In The Box.mp3;tags;Laurent Garnier;Jacques In The Box;MATCH;100.0;Laurent Garnier;Jacques In The Box;Electronic;Progressive House/Techno/Electro;2012;Ed Banger Records;3493096
2022-02-10\Maceo Plex - Motor Rotor.mp3;tags;Maceo Plex;Motor Rotor;MATCH;100.0;Maceo Plex;Motor Rotor;Electronic;Techno/Tech House;2016;Ellum Audio;9426557
2022-02-10\NTO - Carrousel.mp3;tags;NTO;Carrousel;NON;0.0;;;;;;;
2022-02-10\Napkey - Rebirth.mp3;tags;Napkey;Rebirth;NON;0.0;;;;;;;
2022-02-10\Pethrol - Howling Wolf (Thylacine Remix).mp3;tags;Pethrol;Howling Wolf (Thylacine Remix);NON;68.8;Pethrol;Summer Rise - Opti Remix;;;;;
2022-02-10\Rayko - Easy Money.mp3;tags;Rayko;Easy Money;NON;0.0;;;;;;;
2022-02-10\Red Axes - Pad Yoga Raga.mp3;tags;Red Axes;Pad Yoga Raga;MATCH;100.0;Red Axes;Pad Yoga Raga;Electronic/Folk, World, & Country;House/Leftfield;2020;!K7 Records;15963962
2022-02-10\Thylacine - Allegri.mp3;tags;Thylacine;Allegri;MATCH;100.0;Thylacine (4);Allegri;Electronic/Classical;Electro/Classical;2020;Sony Music;15998586
2022-02-10\Thylacine - Anatolia.mp3;tags;Thylacine;Anatolia;MATCH;100.0;Thylacine (4);Anatolia;Electronic;Ambient;2020;Intuitive Records (2);15515565
2022-02-10\Thylacine - Home.mp3;tags;Thylacine;Home;MATCH;100.0;Thylacine (4);Home;Electronic;Electro/IDM/Ambient/Deep House;2016;Intuitive Records (2);9401447
2022-02-10\Thylacine - Piany Pianino.mp3;tags;Thylacine;Piany Pianino;MATCH;100.0;Thylacine (4);Piany Pianino;Electronic;IDM/Ambient/Electro/Deep House;2015;Intuitive Records (2);7780434
2022-02-10\Thylacine - Poly.mp3;tags;Thylacine;Poly;MATCH;100.0;Thylacine (4);Poly;Electronic;IDM/Ambient/Electro/Deep House;2015;Intuitive Records (2);7780434
2022-02-10\Thylacine - Satie I.mp3;tags;Thylacine;Satie I;MATCH;100.0;Thylacine (4);Satie I;Electronic/Classical;Electro/Classical;2020;Sony Music;15998586
2022-02-10\Thylacine - Satie II.mp3;tags;Thylacine;Satie II;MATCH;100.0;Thylacine (4);Satie II;Electronic/Classical;Electro/Classical;2020;Sony Music;15998586
2022-02-10\Thylacine - Sheremetiev.mp3;tags;Thylacine;Sheremetiev;MATCH;100.0;Thylacine (4);Sheremetiev;Electronic/Classical;Electro/Classical;2020;Sony Music;15998586
2022-02-10\Yuksek - Beirut Ma Bet Mout.mp3;tags;Yuksek;Beirut Ma Bet Mout;NON;0.0;;;;;;;
2022-02-22\Da Africa Deep, Simo Moumen feat. Lyrik Shoxen, KJM Cornetist - Humans.mp3;tags;Da Africa Deep, Simo Moumen feat. Lyrik Shoxen, KJM Cornetist;Humans;NON;0.0;;;;;;;
2022-02-22\John Lord Fonda - Children (Refait à l'ancienne).mp3;tags;John Lord Fonda;Children (Refait à l'ancienne);MATCH;100.0;John Lord Fonda;Children (Refait À L'Ancienne);Electronic;EBM/Techno/Electro;2006;Citizen Records;799552
2022-02-22\John Lord Fonda - Heaven's on Fire.mp3;tags;John Lord Fonda;Heaven's on Fire;MATCH;100.0;John Lord Fonda;Heaven's On Fire;Electronic;Techno/Electro;2011;Citizen Records;2882402
2022-02-22\John Lord Fonda - Les dunes d'Altair (Damon Jee Remix).mp3;tags;John Lord Fonda;Les dunes d'Altair (Damon Jee Remix);MATCH;100.0;John Lord Fonda;Les Dunes D’Altaïr (Damon Jee Remix);Electronic;Techno/Electro;2021;Citizen Records;20266555
2022-02-22\John Lord Fonda - Music is Not Computer Algebra (JLF Project Mix).mp3;tags;John Lord Fonda;Music is Not Computer Algebra (JLF Project Mix);MATCH;93.5;John Lord Fonda;Music Is Not Computer Algebra (JLF Project Remix);Electronic;Techno/Electro;2006;Citizen Records;704520
2022-02-22\Jonas Saalbach - Anesthesia.mp3;tags;Jonas Saalbach;Anesthesia;MATCH;100.0;Jonas Saalbach;Anesthesia;Electronic;Tech House/Deep House;2014;Einmusika Recordings;7593098
2022-02-22\Made By Pete - Drunk In Chicago.mp3;tags;Made By Pete;Drunk In Chicago;MATCH;100.0;Made By Pete;Drunk In Chicago;Electronic;Tech House;2016;Simma Black;9374008
2022-02-22\Simo Moumen - Samsara.mp3;tags;Simo Moumen;Samsara;NON;0.0;;;;;;;
2022-02-23\Adam Ten, Mita Gami - Always Fresh.mp3;tags;Adam Ten, Mita Gami;Always Fresh;NON;0.0;;;;;;;
2022-02-23\Argy - Ketuvim.mp3;tags;Argy;Ketuvim;MATCH;100.0;Argy;Ketuvim (Original MIx);Electronic;Nu-Disco/Techno/House;2022;Renaissance Recordings;23725652
2022-02-23\BadWolf Feat. Soff - Dame Mas.mp3;tags;BadWolf Feat. Soff;Dame Mas;NON;0.0;;;;;;;
2022-02-23\Breaka - The Startup.mp3;tags;Breaka;The Startup;MATCH;100.0;Breaka;The Startup;Electronic;Breakbeat;2020;Off Beat.;15917478
2022-02-23\Burial and Four Tet - Nova.mp3;tags;Burial, Four Tet;Nova;NON;0.0;;;;;;;
2022-02-23\Burial, Four Tet - Moth.mp3;tags;Burial, Four Tet;Moth;NON;0.0;;;;;;;
2022-02-23\Cando - Clutch (Bakongo Remix).mp3;tags;Cando;Clutch (Bakongo Remix);MATCH;100.0;Cando;Clutch (Bakongo Remix);Electronic;Leftfield/Bassline;2021;Le Chatroom;20316928
2022-02-23\Eli Brown - Believe.mp3;tags;Eli Brown;Believe;MATCH;100.0;Eli Brown (4);Believe;Electronic;Techno;2022;Filth On Acid;21698899
2022-02-23\Jay Lumen - Orion.mp3;tags;Jay Lumen;Orion;MATCH;100.0;Jay Lumen;Orion;Electronic;Techno;2022;Footwork Audio;24716246
2022-02-23\Mark Reeve - Alive.mp3;tags;Mark Reeve;Alive;NON;0.0;;;;;;;
2022-02-23\Moby, Anfisa Letyago - Go.mp3;tags;Moby, Anfisa Letyago;Go;MATCH;100.0;Moby;Go;Electronic;Acid House/Techno/Ambient;1992;Instinct Records;667
2022-02-23\PAWSA - Roll Play.mp3;tags;PAWSA;Roll Play;MATCH;100.0;PAWSA;Roll Play;Electronic;Tech House;2019;PAWZ;14336045
2022-02-23\Rao (US) - Fade.mp3;tags;Rao (US);Fade;NON;0.0;;;;;;;
2022-02-23\Solardo - Riser.mp3;tags;Solardo;Riser;MATCH;100.0;Solardo;Riser;Electronic;Techno;2022;Solä;24155060
2022-02-23\Space 92 - The Door.mp3;tags;Space 92;The Door;MATCH;100.0;Space 92;The Door;Electronic;Techno;2022;Filth On Acid;21934591
2022-02-23\Viola Vi - SoHum.mp3;tags;Viola Vi;SoHum;NON;0.0;;;;;;;
2022-04-17\2 Unlimited - No Limit (Extended).mp3;tags;2 Unlimited;No Limit (Extended);MATCH;100.0;2 Unlimited;No Limit;Electronic;Techno/Euro House/Tech House;1993;Radikal Records;25371
2022-04-17\Bakermat - Baiana (Extended Mix).mp3;tags;Bakermat;Baiana (Extended Mix);MATCH;100.0;Bakermat;Baianá;Electronic;House;2019;Be Yourself Music;14210179
2022-04-17\Basement Jaxx - Where's Your Head At (1991 Remix).mp3;tags;Basement Jaxx;Where's Your Head At (1991 Remix);MATCH;100.0;Basement Jaxx;Where's Your Head At (1991 Remix);Electronic;Drum n Bass;2021;1991 (3);21053053
2022-04-17\Benny Benassi, The Biz - Satisfaction (Isak Original Extended).mp3;tags;Benny Benassi, The Biz;Satisfaction (Isak Original Extended);MATCH;100.0;Benny Benassi;Satisfaction (Isak Original Extended);Electronic;Progressive House/Trance/Electro/Psy-Trance/Tech House;2006;D:vision Records;1095735
2022-04-17\Block & Crown Feat. Daniel Goodheart - Smalltown Boy (Block & Crown & Paul Parsons Nudisco Mix).mp3;tags;Block & Crown Feat. Daniel Goodheart;Smalltown Boy (Block & Crown & Paul Parsons Nudisco Mix);NON;68.5;Block & Crown;More Then You Know (Block & Crown Jackin Mix);;;;;
2022-04-17\Bobby McFerrin - Dont`t Worry Be Happy.mp3;tags;Bobby McFerrin;Dont`t Worry Be Happy;NON;0.0;;;;;;;
2022-04-17\Culture Shock, Sub Focus - Recombine.mp3;tags;Culture Shock, Sub Focus;Recombine;MATCH;100.0;Culture Shock (2);Recombine;Electronic;Drum n Bass;2022;RAM Records;22305703
2022-04-17\Da Hool - Meet Her At the Loveparade.mp3;tags;Da Hool;Meet Her At the Loveparade;MATCH;100.0;Da Hool;Meet Her At The Loveparade;Electronic;House/Progressive House/Tech House;1997;Kosmo Records;47109
2022-04-17\Daft Punk - Around the World.mp3;tags;Daft Punk;Around the World;MATCH;100.0;Daft Punk;Around The World;Electronic;House/French House/Techno/Acid/Disco/Electro;1997;Virgin;3235
2022-04-17\Daft Punk - Rollin & Scratchin.mp3;tags;Daft Punk;Rollin & Scratchin;MATCH;100.0;Daft Punk;Rollin' & Scratchin';Electronic;House/French House/Techno/Acid/Disco/Electro;1997;Virgin;3235
2022-04-17\Delta Heavy - Work it.mp3;tags;Delta Heavy;Work it;MATCH;100.0;Delta Heavy;Work It;Electronic;Drum n Bass;2021;UKF Music;23464880
2022-04-17\Digitalism - Zdarlight.mp3;tags;Digitalism;Zdarlight;MATCH;100.0;Digitalism;Zdarlight;Electronic;House/Electro/Tech House;2005;Kitsuné Music;519556
2022-04-17\Dillon Francis & Vinne - Once Again (Extended Mix).mp3;tags;Dillon Francis & Vinne;Once Again (Extended Mix);NON;0.0;;;;;;;
2022-04-17\Document One - Hands Up.mp3;tags;Document One;Hands Up;MATCH;100.0;Document One;Hands Up;Electronic;Drum n Bass;2021;Elevate Audio;18430555
2022-04-17\Eddie Amador - House Music (Original Mix).mp3;tags;Eddie Amador;House Music (Original Mix);MATCH;100.0;Eddie Amador;House Music;Electronic;House;1998;Pukka Records;40814
2022-04-17\Faithless - Insomnia.mp3;tags;Faithless;Insomnia;MATCH;100.0;Faithless;Insomnia;Electronic;House/Downtempo/Drum n Bass/Trance;1996;Cheeky Records;8033
2022-04-17\Gala - Freed From Desire.mp3;tags;Gala;Freed From Desire;MATCH;100.0;Gala;Freed From Desire;Electronic;House/Euro House/Italodance;1996;Fact;14719
2022-04-17\Gigi d'Agostino - Bla Bla Bla.mp3;tags;Gigi d'Agostino;Bla Bla Bla;MATCH;100.0;Gigi D'Agostino;Bla Bla Bla;Electronic;Trance/Euro House/Italodance;2000;ZYX Music;82212
2022-04-17\HI-LO & Eli Brown - Industria (Extended Mix).mp3;tags;HI-LO & Eli Brown;Industria (Extended Mix);NON;0.0;;;;;;;
2022-04-17\Haddaway - What is Love.mp3;tags;Haddaway;What is Love;MATCH;100.0;Haddaway;What Is Love;Electronic/Pop;Europop/Eurodance;1993;Coconut;84453
2022-04-17\Jay Lumen - Terra.mp3;tags;Jay Lumen;Terra;MATCH;100.0;Jay Lumen;Terra;Electronic;Techno;2022;Footwork Audio;24729443
2022-04-17\Joel Corry & Da Hool - The Parade (Extended Club Mix).mp3;tags;Joel Corry & Da Hool;The Parade (Extended Club Mix);NON;72.4;Da Hool;Meet Her At The Love Parade;;;;;
2022-04-17\Justice - Phantom Pt. II.mp3;tags;Justice;Phantom Pt. II;MATCH;100.0;Justice (3);Phantom Pt II;Electronic;Electro House/French House;2007;Because Music;992104
2022-04-17\Justice - Phantom.mp3;tags;Justice;Phantom;MATCH;100.0;Justice (3);Phantom;Electronic;Glitch/Electro/Tech House;2006;Ed Banger Records;890397
2022-04-17\Kleu - Rudy, A Message To You.mp3;tags;Kleu;Rudy, A Message To You;MATCH;100.0;Kleu (2);Rudy, A Message To You;Electronic;Drum n Bass/Jungle;2022;Jungle Cakes;22896122
2022-04-17\Klingande - Jubel.mp3;tags;Klingande;Jubel;MATCH;100.0;Klingande;Jubel;Electronic;Tropical House;2013;B1 Recordings;5071833
2022-04-17\Nina Simone,Felix Da Housecat - Sinnerman (Remix).mp3;tags;Nina Simone,Felix Da Housecat;Sinnerman (Remix);MATCH;100.0;Nina Simone;Sinnerman;Electronic/Jazz;House/Jazzdance;2003;Verve Records;184980
2022-04-17\Nymfo - Crush.mp3;tags;Nymfo;Crush;MATCH;100.0;Nymfo (2);Crush;Electronic;Drum n Bass;2022;Sofa Sound Bristol;27224757
2022-04-17\PAX - Is It You.mp3;tags;PAX;Is It You;MATCH;100.0;PAX (11);Is It You;Electronic;Tech House;2022;REALM Records (5);22471102
2022-04-17\Polo & Pan - Ani Kuni.mp3;tags;Polo & Pan;Ani Kuni;MATCH;100.0;Polo & Pan;Ani Kuni;Electronic;Nu-Disco;2021;Universal Music Distribution Deal;19070671
2022-04-17\Sonny Fodera & Biscits - Perfect (Extended Mix).mp3;tags;Sonny Fodera & Biscits;Perfect (Extended Mix);NON;0.0;;;;;;;
2022-04-17\Stylo, Space Motion - Madan.mp3;tags;Stylo, Space Motion;Madan;NON;0.0;;;;;;;
2022-04-17\Technotronic feat. Felly - Pump Up The Jam.mp3;tags;Technotronic feat. Felly;Pump Up The Jam;MATCH;100.0;Technotronic;Pump Up The Jam;Electronic;Hip-House/Euro House;1989;BCM Records;37937
2022-04-17\The Prodigy - Breathe.mp3;tags;The Prodigy;Breathe;MATCH;100.0;The Prodigy;Breathe;Electronic/Hip Hop;Breakbeat/Big Beat;1997;XL Recordings;2718
2022-04-17\The Prodigy - Out of Space.mp3;tags;The Prodigy;Out of Space;MATCH;100.0;The Prodigy;Out Of Space;Electronic;Breakbeat/Hardcore/Techno;1992;XL Recordings;660
2022-04-17\The Rapture - How Deep Is Your Love.mp3;tags;The Rapture;How Deep Is Your Love;MATCH;100.0;The Rapture;How Deep Is Your Love?;Electronic/Rock;House/Indie Rock;2011;DFA;2935565
2022-06-14\Alyssa & Gia - Remember Me.mp3;tags;Alyssa & Gia;Remember Me;NON;0.0;;;;;;;
2022-06-14\Broken Back - Halcyon Birds.mp3;tags;Broken Back;Halcyon Birds;MATCH;100.0;Broken Back;Halcyon Birds;Electronic/Pop;Future Jazz;2015;Broken Back Inc.;8131134
2022-06-14\Chaka Demus & Pliers - Tease Me.mp3;tags;Chaka Demus & Pliers;Tease Me;MATCH;100.0;Chaka Demus & Pliers;Tease Me;Electronic/Reggae;Dancehall/Ragga;1993;Mango;223334
2022-06-14\Elephanz - Maryland.mp3;tags;Elephanz;Maryland;MATCH;100.0;Elephanz;Maryland;Rock/Pop;Pop Rock;2017;Blackbird (10);11073893
2022-06-14\Fabrice Dayan & Peter Nalitch - My Guitar (Original Mix).mp3;tags;Fabrice Dayan & Peter Nalitch;My Guitar (Original Mix);NON;0.0;;;;;;;
2022-06-14\Gentleman's Dub Club - High Grade.mp3;tags;Gentleman's Dub Club;High Grade;MATCH;100.0;Gentleman's Dub Club;High Grade;Reggae;Dub/Ska;2014;Ranking Records;6244353
2022-06-14\Helmut Fritz - Ça m'énerve.mp3;tags;Helmut Fritz;Ça m'énerve;MATCH;100.0;Helmut Fritz;Ça M'énerve;Electronic/Pop;House/Electro House/Dance-pop/French House;2009;Sony Music;1701136
2022-06-14\Jacques - Ça se voit.mp3;tags;Jacques;Ça se voit;MATCH;100.0;Jacques (16);Ça Se Voit;Electronic/Pop;Techno;2022;Recherche & Développement;22080787
2022-06-14\Jungle - Keep Moving.mp3;tags;Jungle;Keep Moving;MATCH;100.0;Jungle (12);Keep Moving;Electronic;House/Dance-pop;2021;Caiola Records;19503355
2022-06-14\Kenn Colt & Hiisak - Come On Sugar (Extended Mix).mp3;tags;Kenn Colt & Hiisak;Come On Sugar (Extended Mix);MATCH;100.0;Kenn Colt;Come On Sugar;Electronic;House;2017;SPRS;11869253
2022-06-14\Klingande & Jamie N Commons - By The River.mp3;tags;Klingande & Jamie N Commons;By The River;NON;0.0;;;;;;;
2022-06-14\Klingande, Broken Back - RIVA (Restart the Game).mp3;tags;Klingande, Broken Back;RIVA (Restart the Game);MATCH;100.0;Klingande;Riva (Restart The Game);Electronic;Deep House;2015;Ultra Records;6848046
2022-06-14\Kungs - Lipstick.mp3;tags;Kungs;Lipstick;MATCH;100.0;Kungs;Lipstick;Electronic/Pop;Nu-Disco/House;2021;Island Records;20825125
2022-06-14\Lilly Wood & The Prick, Robin Schulz - Prayer in C.mp3;tags;Lilly Wood & The Prick, Robin Schulz;Prayer in C;NON;0.0;;;;;;;
2022-06-14\Luke Bergs - Shiva.mp3;tags;Luke Bergs;Shiva;NON;0.0;;;;;;;
2022-06-14\Naive New Beaters feat. Izia - Heal Tomorrow.mp3;tags;Naive New Beaters feat. Izia;Heal Tomorrow;MATCH;100.0;Naive New Beaters;Heal Tomorrow;Electronic/Rock;Pop Rock;2016;Capitol Records;8790347
2022-06-14\Napkey - Rebirth.mp3;tags;Napkey;Rebirth;NON;0.0;;;;;;;
2022-06-14\Ofenbach & Quarterhead feat. Norma Jean Martine - Head Shoulders Knees & Toes (Extended Mix).mp3;tags;Ofenbach & Quarterhead feat. Norma Jean Martine;Head Shoulders Knees & Toes (Extended Mix);MATCH;100.0;Ofenbach;Head Shoulders Knees & Toes;Electronic;House;2020;Spinnin' Records;15274256
2022-06-14\Ofenbach - Around the Fire.mp3;tags;Ofenbach;Around the Fire;NON;73.3;Ofenbach;Around The Fire (EigenARTig x Yako Remix);;;;;
2022-06-14\Ofenbach - What I Want.mp3;tags;Ofenbach;What I Want;NON;0.0;;;;;;;
2022-06-14\Ofenbach, Nick Waterhouse - Katchi (Ofenbach vs. Nick Waterhouse).mp3;tags;Ofenbach, Nick Waterhouse;Katchi (Ofenbach vs. Nick Waterhouse);MATCH;100.0;Ofenbach;Katchi (Ofenbach Vs. Nick Waterhouse);Electronic/Funk / Soul/Pop;Deep House/Rhythm & Blues;2017;Warner Dance Labels;11233105
2022-06-14\Petit Biscuit - Sunset Lover.mp3;tags;Petit Biscuit;Sunset Lover;MATCH;100.0;Petit Biscuit;Sunset Lover;Electronic;Synth-pop/Downtempo;2016;Petit Biscuit Inc.;8813189
2022-06-14\Prok & Fitch Pres. Salome De Bahia - Outro Lugar (Original Vocal Mix).mp3;tags;Prok & Fitch Pres. Salome De Bahia;Outro Lugar (Original Vocal Mix);MATCH;100.0;Salomé De Bahia;Outro Lugar;Electronic;House/Latin;1999;Yellow Productions;14884
2022-06-14\Stromae - Alors On Dance.mp3;tags;Stromae;Alors On Danse;MATCH;100.0;Stromae;Alors On Danse;Electronic;Tech House;2010;B1 Recordings;2115684
2022-06-14\The Avener, Phoebe Killdeer - Fade Out Lines.mp3;tags;The Avener, Phoebe Killdeer;Fade Out Lines;MATCH;100.0;The Avener;Fade Out Lines;Electronic;House/Electro House/Dance-pop;2014;96 Musique;6229815
2022-06-14\The Swiss - Bubble Bath.mp3;tags;The Swiss;Bubble Bath;MATCH;100.0;The Swiss;Bubble Bath;Electronic/Funk / Soul;Electro/Synth-pop/Italodance/Electro House;2009;Modular Recordings;2316031
2022-06-14\[dunkelbunt], Boban i Marko Marcovic Orkestar - Cinnamon Girl.mp3;tags;[dunkelbunt], Boban i Marko Marcovic Orkestar;Cinnamon Girl;MATCH;100.0;[dunkelbunt];Cinnamon Girl;Electronic/Jazz;Gypsy Jazz/Jazzdance/House/Ghetto;2008;Chat Chapeau Records;1548054
2022-06-14\chris anderson & dj robbie - last night.mp3;tags;Chris Anderson & DJ Robbie;Last night;MATCH;100.0;Chris Anderson & DJ Robbie;Last Night;Electronic;Euro House;2000;EMI Music France;909546
2022-07-06\Alejandro Paz & Local Suicide - Directions.mp3;tags;Alejandro Paz & Local Suicide;Directions;MATCH;100.0;Alejandro Paz & Local Suicide;Directions;Electronic;Darkwave/Disco;2021;Glowcast Audio Mastering;17574253
2022-07-06\Amoss - South of the River.mp3;tags;Amoss;South of the River;MATCH;100.0;Amoss;South of the river;Electronic;Drum n Bass;2020;Flexout Audio;16248263
2022-07-06\Aphrodite - Twilight.mp3;tags;Aphrodite;Twilight;MATCH;100.0;Aphrodite;Twilight;Electronic;Drum n Bass;2004;Aphrodite Recordings;242874
2022-07-06\Associanu - This Is A Song About Dancing (Extended Mix).mp3;tags;Associanu;This Is A Song About Dancing (Extended Mix);MATCH;100.0;Associanu;This Is A Song About Dancing;Electronic;House;2021;FFRR;21055927
2022-07-06\Break, MC GQ - Whispers in My Ear (Break Remix).mp3;tags;Break, MC GQ;Whispers in My Ear (Break Remix);MATCH;100.0;Break;Whispers In My Ear (Break Remix);Electronic;Drum n Bass;2020;Symmetry Recordings;15939622
2022-07-06\Bérurier Noir - Porcherie.mp3;tags;Bérurier Noir;Porcherie;MATCH;100.0;Bérurier Noir;Porcherie;Rock;Alternative Rock/Punk;1985;Bondage Records;300697
2022-07-06\Bérurier noir - Porcherie live 1989.mp3;tags;Bérurier noir;Porcherie live 1989;NON;78.6;Bérurier Noir;Porcherie;;;;;
2022-07-06\Diatomic - Fusion Core.mp3;tags;Diatomic;Fusion Core;NON;0.0;;;;;;;
2022-07-06\Dirty Funker - Ultimate Countdown 3 (Original Mix).mp3;tags;Dirty Funker;Ultimate Countdown 3 (Original Mix);NON;66.7;Dirty Funker;Don't Stop (Zilla Vocal Mix);;;;;
2022-07-06\Disco Mortale - Voices Inside.mp3;tags;Disco Mortale;Voices Inside;NON;0.0;;;;;;;
2022-07-06\Fatal Bazooka - C'est une pute.mp3;tags;Fatal Bazooka;C'est une pute;MATCH;100.0;Fatal Bazooka;C'est Une Pute;Hip Hop/Pop;Gangsta/Parody;2007;Up Music;996940
2022-07-06\Fingers Inc. - My House (Acapella).mp3;tags;Fingers Inc.;My House (Acapella);NON;0.0;;;;;;;
2022-07-06\Gianni Di Bernardo, Rian Wood - Lost In Techno Intro.mp3;tags;Gianni Di Bernardo, Rian Wood;Lost In Techno Intro;MATCH;100.0;Gianni Di Bernardo;Lost In Techno Intro;Electronic;Techno;2021;Loose Records;25724356
2022-07-06\Kmyle - The Man With a FM Milk.mp3;tags;Kmyle;The Man With a FM Milk;NON;0.0;;;;;;;
2022-07-06\Le Roi Lion (BO) - Hakuna Matata.mp3;tags;Le Roi Lion (BO);Hakuna Matata;NON;0.0;;;;;;;
2022-07-06\Malandra Jr. - Sveva.mp3;tags;Malandra Jr.;Sveva;NON;0.0;;;;;;;
2022-07-06\Mita Gami - Allenby.mp3;tags;Mita Gami;Allenby;NON;0.0;;;;;;;
2022-07-06\Monolink - Otherside (Fideles Remix).mp3;tags;Monolink;Otherside (Fideles Remix);MATCH;100.0;Monolink;Otherside (Fideles Remix);Electronic;Progressive House;2022;Embassy One;23530004
2022-07-06\Norsheep - For My Block.mp3;tags;Norsheep;For My Block;NON;0.0;;;;;;;
2022-07-06\Nu Tone feat. Dynamite MC - Cannibals.mp3;tags;Nu Tone feat. Dynamite MC;Cannibals;MATCH;100.0;Nu:Tone;Cannibals;Electronic;Drum n Bass;2014;Hospital Records;6236336
2022-07-06\OFFAIAH - Push Pull.mp3;tags;OFFAIAH;Push Pull;MATCH;100.0;Offaiah;Push Pull;Electronic;House/Tech House;2018;Defected;12890145
2022-07-06\Oceanvs Orientalis - Revenge of the Wankers.mp3;tags;Oceanvs Orientalis;Revenge of the Wankers;NON;0.0;;;;;;;
2022-07-06\Omis (Italy) - The Other Time Intro.mp3;tags;Omis (Italy);The Other Time Intro;MATCH;100.0;Omis (2);The Other Time Intro;Electronic;Techno;2022;Unrilis;23129741
2022-07-06\Passenger 10 - Countdown Epica.mp3;tags;Passenger 10;Countdown Epica;NON;82.9;Passenger 10;Countdown Epica (124Bpm - Cmin);;;;;
2022-07-06\Rune RK - Calabria (Loop).mp3;tags;Rune RK;Calabria (Loop);MATCH;100.0;Rune;Calabria (Loop);Electronic;House;2008;ArtiFarti Records;4896010
2022-07-06\Tech Support, Whipr Snipr - 3 Octaves Feat. Whipr Snipr.mp3;tags;Tech Support, Whipr Snipr;3 Octaves Feat. Whipr Snipr;MATCH;100.0;Tech Support (2);3 Octaves;Electronic;House;2020;Shadow City Records;14902931
2022-07-06\Walt Disney - Il en faut peu pour être heureux.mp3;tags;Walt Disney;Il en faut peu pour être heureux;NON;0.0;;;;;;;
2022-07-06\Yann Lean - Hope.mp3;tags;Yann Lean;Hope;NON;0.0;;;;;;;
2022-07-24\Benny Page - Turn Down The Lights.mp3;tags;Benny Page;Turn Down The Lights;MATCH;100.0;Benny Page;Turn Down The Lights;Electronic;Drum n Bass;2006;Digital Soundboy Recording Co.;672132
2022-07-24\Bladerunner - Hot Steppa.mp3;tags;Bladerunner;Hot Steppa;NON;0.0;;;;;;;
2022-07-24\Dangerous & Basstripper - Hungry Hippos.mp3;tags;Dangerous & Basstripper;Hungry Hippos;MATCH;100.0;Dangerous (2);Hungry Hippos;Electronic;Drum n Bass;2016;Ten Ton Beats;11111951
2022-07-24\Kumarachi, Rms - Straight Up (RMS Remix).mp3;tags;Kumarachi, Rms;Straight Up (RMS Remix);NON;0.0;;;;;;;
2022-07-24\Lenzman & Steo - My Tearz (Ulterior Motive Remix).mp3;tags;Lenzman & Steo;My Tearz (Ulterior Motive Remix);NON;0.0;;;;;;;
2022-07-24\Serial Killaz - Jamaican Boy.mp3;tags;Serial Killaz;Jamaican Boy;MATCH;100.0;Serial Killaz (2);Jamaican Boy;Electronic;Drum n Bass/Jungle;2011;Killa Dubz;2671460
2022-07-24\Skrillex, Damian Jr Gong Marley - Make It Bun Dem.mp3;tags;Skrillex, Damian Jr Gong Marley;Make It Bun Dem;MATCH;100.0;Skrillex;Make It Bun Dem;Electronic/Reggae;Reggae/Dubstep;2012;Big Beat;3579665
2022-07-24\Turno - Badman Nah Beg Fren.mp3;tags;Turno;Badman Nah Beg Fren;MATCH;90.8;DJ Turno;Badman Nah Beg Fren;Electronic;Drum n Bass;2015;Serial Killaz;10657615
2022-07-24\Ulterior Motive - Get Close.mp3;tags;Ulterior Motive;Get Close;MATCH;100.0;Ulterior Motive;Get Close;Electronic;Drum n Bass;2017;Metalheadz;10313345
2022-07-27\Carbon - Express Yourself.mp3;tags;Carbon;Express Yourself;MATCH;100.0;Carbon;Express Yourself;Electronic;Techno;2022;Alula Tunes;24385334
2022-07-27\Cosmic Boys - Carbon.mp3;tags;Cosmic Boys;Carbon;NON;0.0;;;;;;;
2022-07-27\Cosmic Boys - Reality.mp3;tags;Cosmic Boys;Reality;NON;0.0;;;;;;;
2022-07-27\Jay Lumen - Human.mp3;tags;Jay Lumen;Human;MATCH;100.0;Jay Lumen;Human;Electronic;Techno;2022;Footwork Audio;24011597
2022-07-27\Kaspar (DE) - Point of No Return (Original Mix).mp3;tags;Kaspar (DE);Point of No Return (Original Mix);NON;0.0;;;;;;;
2022-07-27\Kaufmann (DE) - Tautology.mp3;tags;Kaufmann (DE);Tautology;MATCH;100.0;Kaufmann (5);Tautology;Electronic;Techno;2022;Alula Tunes;23782883
2022-07-27\Maksim Dark - Detuner (NoNameLeft Remix).mp3;tags;Maksim Dark;Detuner (NoNameLeft Remix);NON;76.3;Maksim Dark;Olthoi (Daegon Remix);;;;;
2022-07-27\NoNameLeft & Hiboo - Ego Lab.mp3;tags;NoNameLeft & Hiboo;Ego Lab;NON;0.0;;;;;;;
2022-07-27\NoNameLeft - Prophetic.mp3;tags;NoNameLeft;Prophetic;MATCH;100.0;NoNameLeft;Prophetic;Electronic;Techno;2022;Ballroom Black;23772494
2022-07-27\Phoenix Movement, Patrick Scuro - Division (Extended Mix).mp3;tags;Phoenix Movement, Patrick Scuro;Division (Extended Mix);NON;0.0;;;;;;;
2022-07-27\Thomas Labermair - Voices In My Head (Bultech Remix).mp3;tags;Thomas Labermair;Voices In My Head (Bultech Remix);MATCH;100.0;Thomas Labermair;Voices In My Head (Bultech Remix);Electronic;Techno;2022;Reload Black Label;30097736
2022-07-27\Zafer Atabey - Dream.mp3;tags;Zafer Atabey;Dream;MATCH;100.0;Zafer Atabey;Dream;Electronic;Techno;2022;Unrilis;24616985
2022-08-15\2 Unlimited - Twilight Zone.mp3;tags;2 Unlimited;Twilight Zone;MATCH;100.0;2 Unlimited;Twilight Zone;Electronic;Hardcore/Techno/Euro House/Downtempo;1992;Byte Records;11788
2022-08-15\Alice Deejay - Better Off Alone.mp3;tags;Alice Deejay;Better Off Alone;MATCH;100.0;Alice Deejay;Better Off Alone;Electronic;Trance/Euro House;2000;Republic Records;12260
2022-08-15\Baauer - Harlem Shake.mp3;tags;Baauer;? Harlem Shake;MATCH;100.0;Baauer;Harlem Shake;Electronic/Hip Hop;Bass Music/Trap;2012;Jeffree's;3663117
2022-08-15\Bob Sinclar - Rock This Party (Everybody Dance Now).mp3;tags;Bob Sinclar;? Rock This Party (Everybody Dance Now);MATCH;100.0;Bob Sinclar;Rock This Party (Everybody Dance Now);Electronic;House/Hip Hop;2006;Yellow Productions;722879
2022-08-15\Boney M. & Majestic - Rasputin (Extended Mix).mp3;tags;Boney M. & Majestic;Rasputin (Extended Mix);MATCH;100.0;Boney M.;Rasputin;Funk / Soul/Pop;Disco;1978;Hansa International;52669
2022-08-15\Capital city - Safe and sound.mp3;tags;Capital city;Safe and sound;MATCH;93.8;Capital Cities;Safe And Sound;Electronic/Pop;Disco/Leftfield;2012;Lazy Hooks;4268992
2022-08-15\Crazy Frog - Axel F.mp3;tags;Crazy Frog;? Axel F;MATCH;100.0;Crazy Frog;Axel F;Electronic;Euro House;2005;MACH 1;456208
2022-08-15\Daft Punk - One More Time.mp3;tags;Daft Punk;One More Time;MATCH;100.0;Daft Punk;One More Time;Electronic;House;2000;Virgin;2844
2022-08-15\Darude - Sandstorm (Extended Mix).mp3;tags;Darude;Sandstorm (Extended Mix);MATCH;100.0;Darude;Sandstorm;Electronic;Trance;1999;16Inch;22780
2022-08-15\Darude - Sandstorm.mp3;tags;Darude;? Sandstorm;MATCH;100.0;Darude;Sandstorm;Electronic;Trance;1999;16Inch;22780
2022-08-15\Eiffel 65 - Blue (Da Ba Dee).mp3;tags;Eiffel 65;Blue (Da Ba Dee);MATCH;100.0;Eiffel 65;Blue (Da Ba Dee);Electronic;Euro House;1999;Central Station;11228
2022-08-15\Eric Prydz - Call on Me.mp3;tags;Eric Prydz;? Call on Me;MATCH;100.0;Eric Prydz;Call On Me;Electronic;House;2004;Not On Label (Eric Prydz);312918
2022-08-15\Fedde Le Grand - Put Your Hands Up For Detroit.mp3;tags;Fedde Le Grand;Put Your Hands Up For Detroit;MATCH;100.0;Fedde Le Grand;Put Your Hands Up For Detroit;Electronic;House/Electro;2006;Flamingo Recordings;664254
2022-08-15\Francky Vincent - Tu veux mon zizi.mp3;tags;Francky Vincent;Tu veux mon zizi;MATCH;100.0;Francky Vincent;Tu Veux Mon Zizi...;Latin;Beguine;2009;Universal Music;5718369
2022-08-15\Grand Jojo - Viens boire un petit coup à la maison.mp3;tags;Grand Jojo;Viens boire un petit coup à la maison;MATCH;100.0;Grand Jojo;Viens Boire Un Petit Coup A La Maison;Pop;Parody/Schlager;1999;RM Records;6102137
2022-08-15\Günther - Ding Dong Song.mp3;tags;Günther;? Ding Dong Song;MATCH;100.0;Günther;Ding Dong Song;Electronic;Euro House;2004;WEA;494050
2022-08-15\Harmonie Bayonnaise - Paquito chocolatero.mp3;tags;Harmonie Bayonnaise;Paquito chocolatero;NON;0.0;;;;;;;
2022-08-15\Icona Pop feat. Charli XCX - I Love It (feat. Charli XCX).mp3;tags;Icona Pop feat. Charli XCX;? I Love It (feat. Charli XCX);MATCH;100.0;Icona Pop;I Love It;Electronic/Pop;Electro;2012;Record Company TEN;3958137
2022-08-15\Jamiroquai - Canned Heat (Album Version).mp3;tags;Jamiroquai;Canned Heat (Album Version);MATCH;100.0;Jamiroquai;Canned Heat;Electronic;House/Deep House;1999;Sony Soho Square;21036
2022-08-15\Kalabrese - Auf dem Hof.mp3;tags;Kalabrese;Auf dem Hof;MATCH;100.0;Kalabrese;Auf Dem Hof;Electronic;House/Minimal;2005;Stattmusik;558600
2022-08-15\Kid Cudi - Day n night (Crookers mix).mp3;tags;Kid Cudi;Day n night (Crookers mix);MATCH;85.0;Kid Cudi;Day 'N' Nite (Crookers 'At Night' Dub);Electronic;House;2008;Data Records;1602720
2022-08-15\Klischée - Mais Non (1920 Club Edit).mp3;tags;Klischée;Mais Non (1920 Club Edit);NON;0.0;;;;;;;
2022-08-15\Lmfao - Sexy and they know it.mp3;tags;Lmfao;Sexy and they know it;MATCH;89.2;LMFAO;Sexy And I Know It;Electronic/Hip Hop;House/Pop Rap/Electro/Hip Hop;2011;Will.i.am Music Group;2948880
2022-08-15\Loona - Vamos a la Playa.mp3;tags;Loona;? Vamos a la Playa;MATCH;100.0;Loona;Vamos A La Playa;Electronic;House/Electro/Hard Trance/Hands Up;2010;Milkshake;2383377
2022-08-15\Major Lazer feat. Busy Signal, the Flexican & FS Green - Watch Out For This (Bumaye).mp3;tags;Major Lazer feat. Busy Signal, the Flexican & FS Green;Watch Out For This (Bumaye);MATCH;100.0;Major Lazer;Bumaye (Watch Out For This);Electronic/Hip Hop/Reggae/Latin;Ragga/Dancehall/Dubstep/Bass Music/Bounce/Reggae/Dub;2013;Traffic (3);4466314
2022-08-15\Martin Solveig & Dragonette - Hello.mp3;tags;Martin Solveig & Dragonette;Hello;NON;0.0;;;;;;;
2022-08-15\Michel Sardou - Les lacs du Connemara.mp3;tags;Michel Sardou;Les lacs du Connemara;MATCH;100.0;Michel Sardou;Les Lacs Du Connemara;Pop;Chanson;1989;Trema;648037
2022-08-15\Parov Stelar - Booty Swing.mp3;tags;Parov Stelar;Booty Swing;MATCH;100.0;Parov Stelar;Booty Swing;Electronic/Funk / Soul;House/Future Jazz/Big Beat;2010;Etage Noir Recordings;2566687
2022-08-15\Parov Stelar - Gringos Revenge.mp3;tags;Parov Stelar;Gringos Revenge;MATCH;100.0;Parov Stelar;Gringos Revenge;Electronic;Electro Swing;2022;Etage Noir Recordings;26111521
2022-08-15\Recondite - Naif.mp3;tags;Recondite;Naif;MATCH;100.0;Recondite;Naif;Electronic;Techno/Minimal;2022;Plangent Records;21733966
2022-08-15\Reel 2 Real feat. The Mad Stuntman - I Like To Move It (feat. The Mad Stuntman).mp3;tags;Reel 2 Real feat. The Mad Stuntman;I Like To Move It (feat. The Mad Stuntman);MATCH;100.0;Reel 2 Real;I Like To Move It;Electronic;House/Euro House;1994;Positiva;26903
2022-08-15\Robert Miles feat. Maria Nayler - One and One.mp3;tags;Robert Miles feat. Maria Nayler;One and One;MATCH;100.0;Robert Miles;One And One;Electronic;Trance/Progressive Trance;1996;Arista;35898
2022-08-15\Safri Duo - Played-A-Live (The Bongo Song).mp3;tags;Safri Duo;? Played-A-Live (The Bongo Song);MATCH;100.0;Safri Duo;Played - A - Live (The Bongo Song);Electronic;House/Trance/Hard Trance;2001;AM:PM;3308
2022-08-15\Stardust - Music Sound Better With You.mp3;tags;Stardust;Music Sound Better With You;NON;82.6;Stardust;Music Sound Better With You (Stardust Electric Mix);;;;;
2022-08-15\The Black Eyed Peas - I Gotta Feeling.mp3;tags;The Black Eyed Peas;? I Gotta Feeling;MATCH;100.0;Black Eyed Peas;I Gotta Feeling;Electronic/Hip Hop/Funk / Soul/Pop;Pop Rap/Electro/Conscious/Contemporary R&B;2009;Interscope Records;1807174
2022-08-15\The Supermen Lovers, Mani Hoffman - Starlight.mp3;tags;The Supermen Lovers, Mani Hoffman;Starlight;MATCH;100.0;The Supermen Lovers;Starlight;Electronic;House;2001;Disques Vogue;44453
2022-08-15\Tocadisco - Morumbi (Popof Remix).mp3;tags;Tocadisco;Morumbi (Popof Remix);MATCH;100.0;Tocadisco;Morumbi (Popof Remix);Electronic;Progressive House;2008;Superstar Recordings;1381668
2022-08-15\Vengaboys - Boom, Boom, Boom, Boom!!.mp3;tags;Vengaboys;Boom, Boom, Boom, Boom!!;MATCH;100.0;Vengaboys;Boom, Boom, Boom, Boom!!;Electronic;Euro House/Trance/Hard Trance/Hard House;1999;Central Station;12589
2022-10-21\Alex Mine - In The Name Of What (Original Mix).mp3;tags;Alex Mine;In The Name Of What (Original Mix);NON;0.0;;;;;;;
2022-10-21\Alex Mine - Ultra.mp3;tags;Alex Mine;Ultra ;MATCH;100.0;Alex Mine;Ultra;Electronic;Techno;2018;Filth On Acid;13403328
2022-10-21\Bart Skils, Weska - House of Lords (Original Mix).mp3;tags;Bart Skils, Weska;House of Lords (Original Mix);NON;0.0;;;;;;;
2022-10-21\Dave Pad - I Get This Feeling.mp3;tags;Dave Pad;I Get This Feeling;NON;0.0;;;;;;;
2022-10-21\Harry Romero - Reach Out (Extended Mix).mp3;tags;Harry Romero;Reach Out (Extended Mix);MATCH;88.2;"Harry ""Choo Choo"" Romero";Reach Out;Electronic;Tech House;2018;Bambossa Records;13575977
2022-10-21\Joseph Ashworth - Factory Settings (Original Mix).mp3;tags;Joseph Ashworth, Catz ?N Dogz;Factory Settings (Original Mix);MATCH;100.0;Catz N' Dogz;Factory Settings;Electronic;Tech House;2018;Dirtybird;12107593
2022-10-21\Matador-Ramaha (Original Mix).mp3;tags;Matador;Ramaha (Original Mix);MATCH;100.0;Matador (6);Ramaha;Electronic;Techno/Tech House/Minimal Techno;2017;Rukus;10984523
2022-10-21\Prince of Dance - Move & Dance (A Little Longer).mp3;tags;Prince of Dance;Move & Dance (A Little Longer);NON;0.0;;;;;;;
2022-10-21\Serge Devant - Frenzy (Original Mix).mp3;tags;Serge Devant;Frenzy (Original Mix);MATCH;100.0;Serge Devant;Frenzy;Electronic;Tech House;2017;Knee Deep In Sound;10018569
2022-10-23 INPT Romain\Aaron Jackson - Recovery (Original Mix).wav;nom de fichier;Aaron Jackson;Recovery (Original Mix);NON;0.0;;;;;;;
2022-10-23 INPT Romain\Audiojack - Introspection (feat.Polarbear).mp3;tags;Audojack;Introspection (feat.Polarbear);NON;0.0;;;;;;;
2022-10-23 INPT Romain\Bellecour - Amertume.mp3;tags;Bellecour;Amertume;NON;0.0;;;;;;;
2022-10-23 INPT Romain\DLMT - Elevate (Extended Mix).mp3;tags;DLMT;Elevate (Extended Mix);NON;0.0;;;;;;;
2022-10-23 INPT Romain\Double Agent - Magic Potion (Original Mix).mp3;tags;Double Agent;Magic Potion (Original Mix);NON;0.0;;;;;;;
2022-10-23 INPT Romain\Frents - Together (Original Mix).mp3;tags;Frents;Together (Original Mix);NON;0.0;;;;;;;
2022-10-23 INPT Romain\GUZ (NL) - My House (WCM).mp3;tags;GUZ;My House;MATCH;100.0;Guz (12);My House;Electronic;Tech House;2019;Sink Or Swim (2);15872694
2022-10-23 INPT Romain\Jon Warg - Banger.mp3;tags;Jon Warg;Banger;NON;0.0;;;;;;;
2022-10-23 INPT Romain\Keeld - Bourlingue (Original Mix).mp3;tags;Keeld;Bourlingue (Original Mix);NON;0.0;;;;;;;
2022-10-23 INPT Romain\Keeld - Briket.mp3;tags;Keeld;Briket;MATCH;100.0;Keeld;Briket (Extended Mix);Electronic;Tech House;2021;This Ain't Bristol;32457753
2022-10-23 INPT Romain\Keeld _ Frents - Moving Up.mp3;tags;Keeld & Frents;Moving Up;NON;0.0;;;;;;;
2022-10-23 INPT Romain\Keeld _ Frents - Not a Test (Original Mix).mp3;tags;Keeld & Frents;Not A Test (Original Mix);NON;0.0;;;;;;;
2022-10-23 INPT Romain\Kuroshi - On Your Feet, Everybody.mp3;tags;Kuroshi;On Your Feet, Everybody;NON;0.0;;;;;;;
2022-10-23 INPT Romain\Moves - Clarity.mp3;tags;Moves;Clarity;NON;0.0;;;;;;;
2022-10-23 INPT Romain\NORSHEEP - For My Block.mp3;tags;NORSHEEP;For My Block;NON;0.0;;;;;;;
2022-10-23 INPT Romain\STUND - Human League.wav;nom de fichier;STUND;Human League;NON;0.0;;;;;;;
2022-10-23 INPT Romain\San Pacho x House Divided - Walkin_ Miles (Extended).mp3;tags;San Pacho & House Divided;Walkin' Miles (Extended);NON;0.0;;;;;;;
2022-10-23 INPT Romain\Sass - Human Acceptance.wav;nom de fichier;Sass;Human Acceptance;NON;0.0;;;;;;;
2022-10-23 INPT Romain\Sqwad - U Don_t Know (Extended Mix).mp3;tags;SQWAD;U Don't Know (Extended Mix);NON;0.0;;;;;;;
2022-10-23 INPT Romain\Steve Darko, Nala - Red (Original Mix).mp3;tags;Steve Darko & Nala;Red (Original Mix);NON;0.0;;;;;;;
2022-11-12 slsk\(acapella) Daft-Punk - Technologic-Acapella-Loop-16-Bars-125bpm.wav;nom de fichier;(acapella) Daft Punk;Technologic Acapella Loop 16 Bars 125bpm;NON;0.0;;;;;;;
2022-11-12 slsk\01 - 666-alarma.mp3;nom de fichier;01;666 alarma;NON;0.0;;;;;;;
2022-11-12 slsk\03 - Indeep - Last night a DJ saved my life.mp3;nom de fichier;03;Indeep   Last night a DJ saved my life;NON;0.0;;;;;;;
2022-11-12 slsk\03 - eddie_amador-the_funk_(king_unique's_speechapella).mp3;nom de fichier;03;eddie_amador the_funk_(king_unique's_speechapella);NON;60.0;03;I Shot The Sheriff;;;;;
2022-11-12 slsk\03 Intense (FX DJ Tool).mp3;tags;Ronan Portela;Intense (FX DJ Tool);MATCH;100.0;Ronan Portela;Intense (FX DJ Tool);Electronic;Techno/Tech House;2013;SCI + TEC Digital Audio;4867894
2022-11-12 slsk\03 Monkey Biz (Synth DJ Tool).mp3;tags;The Junkies;Monkey Biz (Synth DJ Tool);MATCH;100.0;The Junkies;Monkey Biz (Synth DJ Tool);Electronic;Techno/Tech House;2013;SCI + TEC Digital Audio;4560436
2022-11-12 slsk\04 I Can't Stop (Accapella).mp3;tags;Sandy Rivera;I Can't Stop (Accapella);NON;0.0;;;;;;;
2022-11-12 slsk\05 - fatboy slim - champion sound accapella.mp3;nom de fichier;05;fatboy slim   champion sound accapella;NON;0.0;;;;;;;
2022-11-12 slsk\07 - fatboy_slim-star_69.mp3;nom de fichier;07;fatboy_slim star_69;NON;0.0;;;;;;;
2022-11-12 slsk\09 - 666 - Rhythm Takes Control.mp3;nom de fichier;09;666   Rhythm Takes Control;NON;0.0;;;;;;;
2022-11-12 slsk\09 - daft_punk-harder,better,faster,stronger.mp3;nom de fichier;09;daft_punk harder,better,faster,stronger;NON;0.0;;;;;;;
2022-11-12 slsk\1-07 - Missy Elliott - Acapella Tool- Get Ur Freak On (Acapella).mp3;tags;Missy Elliott;Acapella Tool: Get Ur Freak On (Acapella);MATCH;86.5;Missy Elliott;Get Ur Freak On (Acapella);Hip Hop/Funk / Soul;Contemporary R&B;2001;Elektra;98360
2022-11-12 slsk\12 - heaven_disco_club-i_got_my_pride.mp3;nom de fichier;12;heaven_disco_club i_got_my_pride;NON;0.0;;;;;;;
2022-11-12 slsk\16 Music Sounds Better With You (Acapella).mp3;tags;Stardust;Music Sounds Better With You (Acapella);NON;0.0;;;;;;;
2022-11-12 slsk\23 - Fat_Boy_Slim_re_work.mp3;nom de fichier;23;Fat_Boy_Slim_re_work;NON;0.0;;;;;;;
2022-11-12 slsk\24 Tribal Badman (Acapella).mp3;tags;Smokin' Jo;Tribal Badman (Acapella);MATCH;98.7;Smokin' Jo;Tribal Badman - Accapella;Electronic;Tribal House;2002;Feel The Rhythm;4798910
2022-11-12 slsk\276. DJ T., Cari Golden - City Life (feat. Cari Golden) (Acapella).mp3;tags;DJ T., Cari Golden;City Life (feat. Cari Golden) (Acapella);NON;0.0;;;;;;;
2022-11-12 slsk\402. DJ Roland Clark, Bronx Cheer - Space Disco (Acapella).mp3;tags;DJ Roland Clark, Bronx Cheer;Space Disco (Acapella);NON;0.0;;;;;;;
2022-11-12 slsk\572. Benny Benassi - Satisfaction (Acapella).mp3;tags;Benny Benassi;Satisfaction (Acapella);MATCH;100.0;Benny Benassi;Satisfaction (Acapella);Electronic;Electro House;2003;You;146650
2022-11-12 slsk\Black Eyed Peas - My Humps (Acapella).mp3;tags;Black Eyed Peas;My Humps (Acapella);NON;83.6;Black Eyed Peas;Shut Up (Acapella);;;;;
2022-11-12 slsk\CHIC - GOOD TIMES (STEF KONSTAN OUTRO ACAPELLA).mp3;tags;CHIC;GOOD TIMES (STEF KONSTAN OUTRO ACAPELLA);NON;72.0;Chic;Good Times (Stonebridge Club Mix);;;;;
2022-11-12 slsk\Chic - Good Times (Quantized Acapella).mp3;tags;Chic;Chic - Good Times (Quantized Acapella);NON;74.3;Chic;Good Times / Dance Dance Dance Remixes;;;;;
2022-11-12 slsk\DJ Acapellas - Boombastic (Acapella Version).flac;tags;DJ Acapellas;Boombastic (Acapella Version);NON;0.0;;;;;;;
2022-11-12 slsk\Dancing_Queen_Acapella.wav;aucune;;;SANS TAG;;;;;;;;
2022-11-12 slsk\Felix Da Housecat - Silver Screen Shower Scene (Accapella).mp3;tags;Felix Da Housecat;Silver Screen - Shower Scene (Accapella);MATCH;90.3;Felix Da Housecat;Silver Screen Shower Scene;Electronic;Electro/Tech House;2001;City Rockers;7862
2022-11-12 slsk\Hard Rock Sofa - Rasputin (Studio Acapella).mp3;tags;Hard Rock Sofa;Rasputin (Studio Acapella);NON;70.0;Hard Rock Sofa;Rasputin;;;;;
2022-11-12 slsk\Hunter S. Thompson - 05 - Paranoid Terror, A Flashing Of Knives And Green Water.mp3;tags;Hunter S. Thompson;Paranoid Terror,  A Flashing o;NON;82.0;Hunter S. Thompson;Paranoid Terror...A Flashing Of Knives And Green Water;;;;;
2022-11-12 slsk\Katy Perry - Hot N' Cold (acapella).mp3;tags;Katy Perry;Hot N' Cold (acapella);MATCH;100.0;Katy Perry;Hot N Cold (Acapella);Electronic/Rock/Pop;Pop Rock/Dance-pop/House;2009;Capitol Records;1983337
2022-11-12 slsk\Mamma_Mia_Vocals.wav;aucune;;;SANS TAG;;;;;;;;
2022-11-12 slsk\Mylo - Drop The Pressure (Acapella).mp3;tags;Mylo;Drop The Pressure (Acapella);MATCH;100.0;Mylo;Drop The Pressure (Acapella);Electronic;House/Electro;2009;Not On Label;2791477
2022-11-12 slsk\Rick James - Super Freak(acapella).mp3;nom de fichier;Rick James;Super Freak(acapella);NON;82.6;Rick James;Super Freak;;;;;
2022-11-12 slsk\Stayin' Alive (Acapella).mp3;tags;Bee Gees;Stayin' Alive (Acapella);NON;83.6;Bee Gees;Stayin' Alive;;;;;
2022-11-12 slsk\Supermode - Tell Me Why (Acapella).mp3;tags;Acapella Heaven;Tell Me Why_A3;NON;0.0;;;;;;;
2022-11-12 slsk\Whores In This House (Acapella In).mp3;tags;Frank Ski;Whores In This House (Acapella In);MATCH;86.2;Frank Ski;Whores In This House;Electronic;Baltimore Club;1992;Deco Records;84902
2022-11-12 slsk\deadmau5 - Limit Break (DJ Tool).flac;tags;deadmau5;Limit Break (DJ Tool);NON;66.7;Deadmau5;Outta My Life (Deep Dub Mix);;;;;
2022-11-12 slsk\dj t. - dis (kink 909 tool).mp3;tags;DJ T.;Dis (KiNK 909 Tool);MATCH;100.0;DJ T.;Dis (Kink 909 Tool);Electronic;Tech House;2010;Get Physical Music;2321400
2022-11-12 slsk\earth_wind_fire_-_september_(acapella).mp3;nom de fichier;earth_wind_fire;september_(acapella);NON;0.0;;;;;;;
2022-11-12 slsk\faithless_-_insomnia_(the_remarkable_sequence)(dj_tool).mp3;tags;Faithless;insomnia_(the_remarkable_sequence)(dj_tool);NON;68.1;Faithless;One Step Too Far (Rollo & Sister Bliss Mix);;;;;
2022-11-12 slsk\martin luther king-i have a dream (Accapella - Acapella - Vocals) (Accapellas and more at DJMixSource.com).mp3;tags;Martin Luther King;I have a dream;MATCH;94.3;Dr. Martin Luther King, Jr.;I Have A Dream;Non-Music;Speech;;The King Center;669652
2022-11-12 slsk\minimal funk - definition of house (acapella).mp3;nom de fichier;minimal funk;definition of house (acapella);MATCH;88.7;Minimal Funk;Definition Of House (Accapella Wet Re-Edit);Electronic;House;2002;Vendetta Records;438328
2022-11-12 slsk\technotronic_-_pump_up_the_jam_(acapella).mp3;nom de fichier;technotronic;pump_up_the_jam_(acapella);NON;0.0;;;;;;;
2022-11-13 slsk\afrika_bambaataa-funky_heroes.mp3;tags;afrika_bambaataa;funky_heroes;MATCH;100.0;Afrika Bambaataa;Funky Heroes;Electronic;Progressive House/House/Big Beat;2002;Bonzai Records;51449
2022-11-13 slsk\basement_jaxx-do_your_thing.mp3;tags;basement_jaxx;do_your_thing;MATCH;100.0;Basement Jaxx;Do Your Thing;Electronic;House;2001;XL Recordings;7194
2022-11-13 slsk\basement_jaxx-where's_your_head_at.mp3;tags;basement_jaxx;where's_your_head_at;MATCH;100.0;Basement Jaxx;Where's Your Head At;Electronic;House/Garage House;2001;Atlantic Jaxx;5417
2022-11-13 slsk\corona-rhythm_of_the_night.mp3;tags;corona;rhythm_of_the_night;MATCH;100.0;Corona;Rhythm Of The Night;Electronic;Hi NRG/Euro House;1996;Airplay Records;1047182
2022-11-13 slsk\danny_tenaglia-music_is_the_answer.mp3;tags;danny_tenaglia;music_is_the_answer;MATCH;100.0;Danny Tenaglia;Music Is The Answer;Electronic;House/Electro/Deep House;1999;Boxed;4460
2022-11-13 slsk\danny_tenaglia-the_voice.mp3;tags;danny_tenaglia;the_voice;MATCH;100.0;Danny Tenaglia;(The Voice);Electronic;Tribal House/Deep House;1997;Twisted World;101126
2022-11-13 slsk\eddie_amador-rise_pt1.mp3;tags;eddie_amador;rise_pt1;NON;80.0;Eddie Amador;Rise;;;;;
2022-11-13 slsk\eddie_amador-rise_pt2.mp3;tags;eddie_amador;rise_pt2;NON;80.0;Eddie Amador;Rise;;;;;
2022-11-22 INPT Selection Romain\Ben Sterling - Rok The House.mp3;tags;Ben Sterling;Rok The House;NON;0.0;;;;;;;
2022-11-22 INPT Selection Romain\Gesaffelstein - Control Movement (Original Mix).mp3;tags;Gesaffelstein;Control Movement (Original Mix);MATCH;100.0;Gesaffelstein;Control Movement;Electronic;Electro;2011;Bromance Records;3247912
2022-11-22 INPT Selection Romain\House Divided - Where the Beats Go Low_(Original Mix).mp3;tags;House Divided;Where the Beats Go Low (Original Mix);NON;56.0;House Divided;Want You;;;;;
2022-11-22 INPT Selection Romain\Mancodex - Nation Under Lasers_(Extended Mix).mp3;tags;Mancodex;Nation Under Lasers (Extended Mix);NON;0.0;;;;;;;
2022-11-22 INPT Selection Romain\Warden - About You (ft. Medicienne).wav;nom de fichier;Warden;About You (ft. Medicienne);NON;0.0;;;;;;;
2023-01-03\01-dub_pepper_and_katyagur-creolo.mp3;tags;Dub Pepper & KatyaGur;Creolo;NON;0.0;;;;;;;
2023-01-03\046. Djuma Soundsystem & Westerby - Koma Kobache (Original Mix).mp3;tags;Djuma Soundsystem & Westerby;Koma Kobache (Original Mix);NON;75.1;Djuma Soundsystem;Koma Kobache (Rey&Kjavik Remix);;;;;
2023-01-03\05 - Low - Especially Me.mp3;tags;Low;Especially Me;MATCH;100.0;Low;Especially Me;Rock;Alternative Rock/Indie Rock;2011;Sub Pop;2761992
2023-01-03\06-the_toxic_avenger-bien_cordialement_(feat._simone).mp3;tags;The Toxic Avenger;Bien cordialement (feat. Simone);MATCH;100.0;Toxic Avenger;Bien Cordialement;Electronic;Synth-pop/Synthwave/Electro/House;2022;Enchanté Records (2);25144264
2023-01-03\093. Nopopstar - Alladin.mp3;tags;Nopopstar;Alladin;NON;0.0;;;;;;;
2023-01-03\19. Klunsh - Imaona.mp3;tags;Klunsh;Imaona;NON;0.0;;;;;;;
2023-01-03\86. Simone Burrini - Moringa (Original Mix).mp3;tags;Simone Burrini;Moringa (Original Mix);NON;0.0;;;;;;;
2023-01-03\Ashee - Techno Face (Original Mix) - www.electronicfresh.com.mp3;tags;Ashee;Techno Face (Original Mix);MATCH;100.0;Ashee;Techno Face;Electronic;Techno;2020;Life And Death;15266785
2023-01-03\DJ Skif - Future (Original Mix).mp3;tags;DJ Skif;Future (Original Mix);NON;0.0;;;;;;;
2023-01-03\Fake Mood - Insomnia (Zakir Remix) [Highway Records].mp3;tags;Fake Mood;Insomnia (Zakir Remix);NON;0.0;;;;;;;
2023-01-03\The Swiss - Bubble Bath.mp3;tags;The Swiss;Bubble Bath;MATCH;100.0;The Swiss;Bubble Bath;Electronic/Funk / Soul;Electro/Synth-pop/Italodance/Electro House;2009;Modular Recordings;2316031
2023-01-29\01. Flowidus, T95, Dread MC - Bad Behaviour.mp3;tags;Flowidus, T95, Dread MC;Bad Behaviour;NON;0.0;;;;;;;
2023-01-29\01. Township Rebellion, Victor Pilava - Bohemia (Original Mix).mp3;tags;Township Rebellion, Victor Pilava;Bohemia (Original Mix);NON;0.0;;;;;;;
2023-01-29\ACRAZE - Do It To It (Sub Focus Remix).mp3;tags;ACRAZE;Do It To It (Sub Focus Remix);MATCH;100.0;ACRAZE;Do It To It (Sub Focus Remix);Electronic;Drum n Bass/House;2022;Thrive Music;23845940
2023-01-29\Alcemist - Stars On The Roof (feat. MoMo).mp3;tags;Alcemist, Momo;Stars On The Roof (feat. MoMo);MATCH;100.0;Alcemist;Stars On The Roof;Electronic;Drum n Bass;2023;DnB Allstars Records;28558567
2023-01-29\Argy, ARTBAT, Zafrir - Tibet (Original Mix) [UPPERGROUND].mp3;tags;Argy, ARTBAT, Zafrir;Tibet (Original Mix) ;NON;0.0;;;;;;;
2023-01-29\Azzecca - Other Side (Extended).mp3;tags;Azzecca;Other Side (Extended);MATCH;100.0;Azzecca;Other Side;Electronic;Techno/Tech House;2022;Higher Ground (5);24981001
2023-01-29\ESSEL - Lennon (Extended Mix) [Toolroom].mp3;tags;ESSEL;Lennon (Extended Mix) ;NON;0.0;;;;;;;
2023-01-29\Grafix - Submarine - 01 - Submarine.mp3;tags;Grafix & Flowidus;Submarine;NON;0.0;;;;;;;
2023-01-29\HI-LO, Space 92 - Mercury (Original Mix).mp3;tags;HI-LO, Space 92;Mercury (Original Mix);MATCH;100.0;Space (3);Mercury;Electronic;Ambient;1990;KLF Communications;116942
2023-01-29\Klimate, lewp - I Wanna Love (Original Mix).mp3;tags;Klimate, lewp;I Wanna Love (Original Mix);NON;0.0;;;;;;;
2023-01-29\Miss Monique - Concorde (Original Mix).mp3;tags;Miss Monique;Concorde (Original Version);MATCH;100.0;Miss Monique;Concorde;Electronic;Progressive House/Tech House;2023;Cercle Records (2);26396162
2023-01-29\Silver Panda - Soul Connection.mp3;tags;Silver Panda;Soul Connection;NON;0.0;;;;;;;
2023-01-29\Silver Panda - We Call This Acid (Original Mix).mp3;tags;Silver Panda;We Call This Acid;MATCH;100.0;Silver Panda;We Call This Acid;Electronic;Progressive House/Acid;2022;Panda Lab Records;29657059
2023-01-29\Supermode - Tell Me Why (MEDUZA Extended Remix) [Axtone Records].mp3;tags;Supermode;Tell Me Why (MEDUZA Extended Remix);MATCH;100.0;Supermode;Tell Me Why (MEDUZA Extended Remix);Electronic;Progressive House;2022;Axtone Records;24392870
2023-01-29\The YellowHeads, HLGRMS - Silence (Original Mix).mp3;tags;The YellowHeads, HLGRMS;Silence;NON;0.0;;;;;;;
